x-axis,1,2
second,Volt,Volt
+9.030000E-03,,
+9.032500E-03,-40.201005E-03,-26.381909E-03
+9.035000E-03,-20.100502E-03,-40.201005E-03
+9.037500E-03,-32.663316E-03,-6.281407E-03
+9.040000E-03,-20.100502E-03,-40.201005E-03
+9.042500E-03,-6.281407E-03,-20.100502E-03
+9.045000E-03,-40.201005E-03,-26.381909E-03
+9.047500E-03,-20.100502E-03,-12.562814E-03
+9.050000E-03,-20.100502E-03,-26.381909E-03
+9.052500E-03,-26.381909E-03,-46.482412E-03
+9.055000E-03,-40.201005E-03,-32.663316E-03
+9.057500E-03,-20.100502E-03,-20.100502E-03
+9.060000E-03,-20.100502E-03,-40.201005E-03
+9.062500E-03,-32.663316E-03,-26.381909E-03
+9.065000E-03,-20.100502E-03,-26.381909E-03
+9.067500E-03,-26.381909E-03,-26.381909E-03
+9.070000E-03,-32.663316E-03,-40.201005E-03
+9.072500E-03,-20.100502E-03,-26.381909E-03
+9.075000E-03,-20.100502E-03,-20.100502E-03
+9.077500E-03,-32.663316E-03,-13.819095E-03
+9.080000E-03,-20.100502E-03,-40.201005E-03
+9.082500E-03,-20.100502E-03,-40.201005E-03
+9.085000E-03,-26.381909E-03,-32.663316E-03
+9.087500E-03,-20.100502E-03,-12.562814E-03
+9.090000E-03,-26.381909E-03,-33.919598E-03
+9.092500E-03,-26.381909E-03,-20.100502E-03
+9.095000E-03,-25.125628E-03,-20.100502E-03
+9.097500E-03,+0.0E+00,-20.100502E-03
+9.100000E-03,-32.663316E-03,-32.663316E-03
+9.102500E-03,-26.381909E-03,-12.562814E-03
+9.105000E-03,-40.201005E-03,-20.100502E-03
+9.107500E-03,-25.125628E-03,-20.100502E-03
+9.110000E-03,-52.763819E-03,-20.100502E-03
+9.112500E-03,-40.201005E-03,-32.663316E-03
+9.115000E-03,-32.663316E-03,-20.100502E-03
+9.117500E-03,-40.201005E-03,-32.663316E-03
+9.120000E-03,-40.201005E-03,-20.100502E-03
+9.122500E-03,-12.562814E-03,-12.562814E-03
+9.125000E-03,-20.100502E-03,-32.663316E-03
+9.127500E-03,-26.381909E-03,-20.100502E-03
+9.130000E-03,-26.381909E-03,-20.100502E-03
+9.132500E-03,-60.301507E-03,-26.381909E-03
+9.135000E-03,-32.663316E-03,-26.381909E-03
+9.137500E-03,-20.100502E-03,-6.281407E-03
+9.140000E-03,-40.201005E-03,-26.381909E-03
+9.142500E-03,-46.482412E-03,-20.100502E-03
+9.145000E-03,-13.819095E-03,-32.663316E-03
+9.147500E-03,-20.100502E-03,-20.100502E-03
+9.150000E-03,-40.201005E-03,-26.381909E-03
+9.152500E-03,-32.663316E-03,-20.100502E-03
+9.155000E-03,-20.100502E-03,-40.201005E-03
+9.157500E-03,-33.919598E-03,-26.381909E-03
+9.160000E-03,-32.663316E-03,-40.201005E-03
+9.162500E-03,-32.663316E-03,-12.562814E-03
+9.165000E-03,-26.381909E-03,-26.381909E-03
+9.167500E-03,-40.201005E-03,-32.663316E-03
+9.170000E-03,-40.201005E-03,-26.381909E-03
+9.172500E-03,-32.663316E-03,-40.201005E-03
+9.175000E-03,-13.819095E-03,-32.663316E-03
+9.177500E-03,-12.562814E-03,-20.100502E-03
+9.180000E-03,-40.201005E-03,-40.201005E-03
+9.182500E-03,-32.663316E-03,-40.201005E-03
+9.185000E-03,-40.201005E-03,-26.381909E-03
+9.187500E-03,-20.100502E-03,-26.381909E-03
+9.190000E-03,-32.663316E-03,-20.100502E-03
+9.192500E-03,-20.100502E-03,-26.381909E-03
+9.195000E-03,-40.201005E-03,-32.663316E-03
+9.197500E-03,-6.281407E-03,-40.201005E-03
+9.200000E-03,-40.201005E-03,-20.100502E-03
+9.202500E-03,-40.201005E-03,-40.201005E-03
+9.205000E-03,-32.663316E-03,-26.381909E-03
+9.207500E-03,-40.201005E-03,-40.201005E-03
+9.210000E-03,-20.100502E-03,-20.100502E-03
+9.212500E-03,-52.763819E-03,-25.125628E-03
+9.215000E-03,-46.482412E-03,-20.100502E-03
+9.217500E-03,-40.201005E-03,-26.381909E-03
+9.220000E-03,-26.381909E-03,-20.100502E-03
+9.222500E-03,-40.201005E-03,-12.562814E-03
+9.225000E-03,-32.663316E-03,-26.381909E-03
+9.227500E-03,-26.381909E-03,-20.100502E-03
+9.230000E-03,-40.201005E-03,-20.100502E-03
+9.232500E-03,-40.201005E-03,-25.125628E-03
+9.235000E-03,-26.381909E-03,-12.562814E-03
+9.237500E-03,-40.201005E-03,-20.100502E-03
+9.240000E-03,-20.100502E-03,-20.100502E-03
+9.242500E-03,-20.100502E-03,-40.201005E-03
+9.245000E-03,-12.562814E-03,-20.100502E-03
+9.247500E-03,-40.201005E-03,-20.100502E-03
+9.250000E-03,-12.562814E-03,-20.100502E-03
+9.252500E-03,-32.663316E-03,-20.100502E-03
+9.255000E-03,-12.562814E-03,-32.663316E-03
+9.257500E-03,-32.663316E-03,-40.201005E-03
+9.260000E-03,-20.100502E-03,-6.281407E-03
+9.262500E-03,-26.381909E-03,-6.281407E-03
+9.265000E-03,-12.562814E-03,-20.100502E-03
+9.267500E-03,-32.663316E-03,-40.201005E-03
+9.270000E-03,-20.100502E-03,-20.100502E-03
+9.272500E-03,-40.201005E-03,-40.201005E-03
+9.275000E-03,-6.281407E-03,-32.663316E-03
+9.277500E-03,-40.201005E-03,-52.763819E-03
+9.280000E-03,-26.381909E-03,-20.100502E-03
+9.282500E-03,-32.663316E-03,-20.100502E-03
+9.285000E-03,-40.201005E-03,-20.100502E-03
+9.287500E-03,-20.100502E-03,-26.381909E-03
+9.290000E-03,-40.201005E-03,-40.201005E-03
+9.292500E-03,-20.100502E-03,-32.663316E-03
+9.295000E-03,-40.201005E-03,-20.100502E-03
+9.297500E-03,-40.201005E-03,-20.100502E-03
+9.300000E-03,-26.381909E-03,-12.562814E-03
+9.302500E-03,-32.663316E-03,-20.100502E-03
+9.305000E-03,-26.381909E-03,-40.201005E-03
+9.307500E-03,-40.201005E-03,-13.819095E-03
+9.310000E-03,-52.763819E-03,-26.381909E-03
+9.312500E-03,-40.201005E-03,-32.663316E-03
+9.315000E-03,-20.100502E-03,-40.201005E-03
+9.317500E-03,-20.100502E-03,-20.100502E-03
+9.320000E-03,-40.201005E-03,-40.201005E-03
+9.322500E-03,-32.663316E-03,-26.381909E-03
+9.325000E-03,-12.562814E-03,-46.482412E-03
+9.327500E-03,-52.763819E-03,-40.201005E-03
+9.330000E-03,-25.125628E-03,-20.100502E-03
+9.332500E-03,-40.201005E-03,-6.281407E-03
+9.335000E-03,-33.919598E-03,-12.562814E-03
+9.337500E-03,-20.100502E-03,-26.381909E-03
+9.340000E-03,-40.201005E-03,-20.100502E-03
+9.342500E-03,-12.562814E-03,-26.381909E-03
+9.345000E-03,-32.663316E-03,-6.281407E-03
+9.347500E-03,-32.663316E-03,-26.381909E-03
+9.350000E-03,-26.381909E-03,-20.100502E-03
+9.352500E-03,-32.663316E-03,-20.100502E-03
+9.355000E-03,-20.100502E-03,-20.100502E-03
+9.357500E-03,-20.100502E-03,-12.562814E-03
+9.360000E-03,-65.326632E-03,-6.281407E-03
+9.362500E-03,-40.201005E-03,-20.100502E-03
+9.365000E-03,-26.381909E-03,-6.281407E-03
+9.367500E-03,-20.100502E-03,-6.281407E-03
+9.370000E-03,-40.201005E-03,-32.663316E-03
+9.372500E-03,-20.100502E-03,-6.281407E-03
+9.375000E-03,-32.663316E-03,-32.663316E-03
+9.377500E-03,-20.100502E-03,-40.201005E-03
+9.380000E-03,-13.819095E-03,-20.100502E-03
+9.382500E-03,-12.562814E-03,-46.482412E-03
+9.385000E-03,-32.663316E-03,-26.381909E-03
+9.387500E-03,-26.381909E-03,-40.201005E-03
+9.390000E-03,-46.482412E-03,-26.381909E-03
+9.392500E-03,-20.100502E-03,-26.381909E-03
+9.395000E-03,-26.381909E-03,-20.100502E-03
+9.397500E-03,-52.763819E-03,-40.201005E-03
+9.400000E-03,-32.663316E-03,-26.381909E-03
+9.402500E-03,-40.201005E-03,-20.100502E-03
+9.405000E-03,-40.201005E-03,-32.663316E-03
+9.407500E-03,-32.663316E-03,-60.301507E-03
+9.410000E-03,-46.482412E-03,-32.663316E-03
+9.412500E-03,-26.381909E-03,-20.100502E-03
+9.415000E-03,-26.381909E-03,-26.381909E-03
+9.417500E-03,-32.663316E-03,-26.381909E-03
+9.420000E-03,-26.381909E-03,-26.381909E-03
+9.422500E-03,-40.201005E-03,-6.281407E-03
+9.425000E-03,-40.201005E-03,+0.0E+00
+9.427500E-03,-40.201005E-03,-20.100502E-03
+9.430000E-03,-40.201005E-03,-13.819095E-03
+9.432500E-03,-26.381909E-03,-20.100502E-03
+9.435000E-03,-40.201005E-03,-32.663316E-03
+9.437500E-03,-32.663316E-03,-20.100502E-03
+9.440000E-03,-40.201005E-03,-12.562814E-03
+9.442500E-03,-52.763819E-03,-20.100502E-03
+9.445000E-03,-40.201005E-03,-20.100502E-03
+9.447500E-03,-52.763819E-03,+0.0E+00
+9.450000E-03,-52.763819E-03,+0.0E+00
+9.452500E-03,-32.663316E-03,+0.0E+00
+9.455000E-03,-20.100502E-03,+0.0E+00
+9.457500E-03,-32.663316E-03,-26.381909E-03
+9.460000E-03,-20.100502E-03,-20.100502E-03
+9.462500E-03,-20.100502E-03,-20.100502E-03
+9.465000E-03,-20.100502E-03,-12.562814E-03
+9.467500E-03,-20.100502E-03,-20.100502E-03
+9.470000E-03,-32.663316E-03,-20.100502E-03
+9.472500E-03,-20.100502E-03,-40.201005E-03
+9.475000E-03,-12.562814E-03,-20.100502E-03
+9.477500E-03,+0.0E+00,-6.281407E-03
+9.480000E-03,-20.100502E-03,-20.100502E-03
+9.482500E-03,-40.201005E-03,-32.663316E-03
+9.485000E-03,-20.100502E-03,-40.201005E-03
+9.487500E-03,-40.201005E-03,-12.562814E-03
+9.490000E-03,-20.100502E-03,-26.381909E-03
+9.492500E-03,-20.100502E-03,-26.381909E-03
+9.495000E-03,-12.562814E-03,-40.201005E-03
+9.497500E-03,-20.100502E-03,-40.201005E-03
+9.500000E-03,-6.281407E-03,-40.201005E-03
+9.502500E-03,-32.663316E-03,-32.663316E-03
+9.505000E-03,-32.663316E-03,-40.201005E-03
+9.507500E-03,-52.763819E-03,-40.201005E-03
+9.510000E-03,-40.201005E-03,-40.201005E-03
+9.512500E-03,-46.482412E-03,-40.201005E-03
+9.515000E-03,-40.201005E-03,-32.663316E-03
+9.517500E-03,-12.562814E-03,-40.201005E-03
+9.520000E-03,-26.381909E-03,-40.201005E-03
+9.522500E-03,-20.100502E-03,-52.763819E-03
+9.525000E-03,-52.763819E-03,-40.201005E-03
+9.527500E-03,-40.201005E-03,-40.201005E-03
+9.530000E-03,-60.301507E-03,-26.381909E-03
+9.532500E-03,-60.301507E-03,-20.100502E-03
+9.535000E-03,-52.763819E-03,-40.201005E-03
+9.537500E-03,-40.201005E-03,-40.201005E-03
+9.540000E-03,-20.100502E-03,-20.100502E-03
+9.542500E-03,-32.663316E-03,-20.100502E-03
+9.545000E-03,-6.281407E-03,-32.663316E-03
+9.547500E-03,-46.482412E-03,-6.281407E-03
+9.550000E-03,-40.201005E-03,-32.663316E-03
+9.552500E-03,-40.201005E-03,-20.100502E-03
+9.555000E-03,-40.201005E-03,-32.663316E-03
+9.557500E-03,-26.381909E-03,-26.381909E-03
+9.560000E-03,-20.100502E-03,-20.100502E-03
+9.562500E-03,-32.663316E-03,-20.100502E-03
+9.565000E-03,-12.562814E-03,-12.562814E-03
+9.567500E-03,-6.281407E-03,-20.100502E-03
+9.570000E-03,-6.281407E-03,-20.100502E-03
+9.572500E-03,+0.0E+00,-13.819095E-03
+9.575000E-03,-20.100502E-03,-13.819095E-03
+9.577500E-03,+0.0E+00,-26.381909E-03
+9.580000E-03,+0.0E+00,-20.100502E-03
+9.582500E-03,+5.025126E-03,-26.381909E-03
+9.585000E-03,+0.0E+00,-26.381909E-03
+9.587500E-03,-12.562814E-03,-20.100502E-03
+9.590000E-03,-20.100502E-03,-20.100502E-03
+9.592500E-03,-40.201005E-03,-40.201005E-03
+9.595000E-03,-20.100502E-03,-40.201005E-03
+9.597500E-03,+0.0E+00,-40.201005E-03
+9.600000E-03,-26.381909E-03,-40.201005E-03
+9.602500E-03,-32.663316E-03,-32.663316E-03
+9.605000E-03,+12.562814E-03,-26.381909E-03
+9.607500E-03,-32.663316E-03,-26.381909E-03
+9.610000E-03,-13.819095E-03,-40.201005E-03
+9.612500E-03,-20.100502E-03,-52.763819E-03
+9.615000E-03,-20.100502E-03,-32.663316E-03
+9.617500E-03,-40.201005E-03,-20.100502E-03
+9.620000E-03,-26.381909E-03,-40.201005E-03
+9.622500E-03,-40.201005E-03,-32.663316E-03
+9.625000E-03,-20.100502E-03,-26.381909E-03
+9.627500E-03,-52.763819E-03,-20.100502E-03
+9.630000E-03,-26.381909E-03,-40.201005E-03
+9.632500E-03,-52.763819E-03,-26.381909E-03
+9.635000E-03,-40.201005E-03,-32.663316E-03
+9.637500E-03,-40.201005E-03,-26.381909E-03
+9.640000E-03,-60.301507E-03,-12.562814E-03
+9.642500E-03,-40.201005E-03,-20.100502E-03
+9.645000E-03,-52.763819E-03,-12.562814E-03
+9.647500E-03,-46.482412E-03,+0.0E+00
+9.650000E-03,-46.482412E-03,-20.100502E-03
+9.652500E-03,-40.201005E-03,-12.562814E-03
+9.655000E-03,-46.482412E-03,+12.562814E-03
+9.657500E-03,-40.201005E-03,+0.0E+00
+9.660000E-03,-26.381909E-03,+0.0E+00
+9.662500E-03,-32.663316E-03,+6.281407E-03
+9.665000E-03,-32.663316E-03,+0.0E+00
+9.667500E-03,-33.919598E-03,+0.0E+00
+9.670000E-03,-46.482412E-03,+0.0E+00
+9.672500E-03,-46.482412E-03,+6.281407E-03
+9.675000E-03,-32.663316E-03,-5.025126E-03
+9.677500E-03,-60.301507E-03,+20.100502E-03
+9.680000E-03,-40.201005E-03,-20.100502E-03
+9.682500E-03,-13.819095E-03,-20.100502E-03
+9.685000E-03,-40.201005E-03,+0.0E+00
+9.687500E-03,-32.663316E-03,-20.100502E-03
+9.690000E-03,-52.763819E-03,+0.0E+00
+9.692500E-03,-26.381909E-03,-40.201005E-03
+9.695000E-03,-20.100502E-03,-20.100502E-03
+9.697500E-03,-40.201005E-03,-20.100502E-03
+9.700000E-03,-52.763819E-03,-45.226130E-03
+9.702500E-03,-20.100502E-03,-40.201005E-03
+9.705000E-03,-20.100502E-03,-40.201005E-03
+9.707500E-03,-20.100502E-03,-40.201005E-03
+9.710000E-03,-40.201005E-03,-40.201005E-03
+9.712500E-03,-20.100502E-03,-40.201005E-03
+9.715000E-03,-20.100502E-03,-80.402009E-03
+9.717500E-03,-40.201005E-03,-52.763819E-03
+9.720000E-03,-46.482412E-03,-52.763819E-03
+9.722500E-03,-52.763819E-03,-66.582914E-03
+9.725000E-03,-60.301507E-03,-66.582914E-03
+9.727500E-03,-66.582914E-03,-66.582914E-03
+9.730000E-03,-46.482412E-03,-66.582914E-03
+9.732500E-03,-52.763819E-03,-52.763819E-03
+9.735000E-03,-46.482412E-03,-72.864321E-03
+9.737500E-03,-66.582914E-03,-66.582914E-03
+9.740000E-03,-60.301507E-03,-46.482412E-03
+9.742500E-03,-60.301507E-03,-66.582914E-03
+9.745000E-03,-86.683416E-03,-66.582914E-03
+9.747500E-03,-46.482412E-03,-40.201005E-03
+9.750000E-03,-52.763819E-03,-40.201005E-03
+9.752500E-03,-46.482412E-03,-46.482412E-03
+9.755000E-03,-66.582914E-03,-40.201005E-03
+9.757500E-03,-52.763819E-03,-40.201005E-03
+9.760000E-03,-52.763819E-03,-13.819095E-03
+9.762500E-03,-40.201005E-03,-26.381909E-03
+9.765000E-03,-46.482412E-03,-40.201005E-03
+9.767500E-03,-20.100502E-03,-32.663316E-03
+9.770000E-03,-26.381909E-03,-6.281407E-03
+9.772500E-03,-40.201005E-03,+0.0E+00
+9.775000E-03,-13.819095E-03,+12.562814E-03
+9.777500E-03,-20.100502E-03,-6.281407E-03
+9.780000E-03,+0.0E+00,-20.100502E-03
+9.782500E-03,-6.281407E-03,-20.100502E-03
+9.785000E-03,+12.562814E-03,-6.281407E-03
+9.787500E-03,+20.100502E-03,-20.100502E-03
+9.790000E-03,+13.819095E-03,-20.100502E-03
+9.792500E-03,+32.663316E-03,-32.663316E-03
+9.795000E-03,+33.919598E-03,-20.100502E-03
+9.797500E-03,+40.201005E-03,-32.663316E-03
+9.800000E-03,+46.482412E-03,-26.381909E-03
+9.802500E-03,+46.482412E-03,-32.663316E-03
+9.805000E-03,+40.201005E-03,-52.763819E-03
+9.807500E-03,+52.763819E-03,-40.201005E-03
+9.810000E-03,+60.301507E-03,-52.763819E-03
+9.812500E-03,+52.763819E-03,-40.201005E-03
+9.815000E-03,+40.201005E-03,-46.482412E-03
+9.817500E-03,+60.301507E-03,-52.763819E-03
+9.820000E-03,+46.482412E-03,-46.482412E-03
+9.822500E-03,+46.482412E-03,-72.864321E-03
+9.825000E-03,+52.763819E-03,-46.482412E-03
+9.827500E-03,+26.381909E-03,-52.763819E-03
+9.830000E-03,+20.100502E-03,-52.763819E-03
+9.832500E-03,+0.0E+00,-40.201005E-03
+9.835000E-03,+32.663316E-03,-40.201005E-03
+9.837500E-03,-12.562814E-03,-52.763819E-03
+9.840000E-03,-26.381909E-03,-26.381909E-03
+9.842500E-03,-20.100502E-03,-20.100502E-03
+9.845000E-03,-32.663316E-03,-20.100502E-03
+9.847500E-03,-33.919598E-03,+0.0E+00
+9.850000E-03,-52.763819E-03,+0.0E+00
+9.852500E-03,-46.482412E-03,+13.819095E-03
+9.855000E-03,-60.301507E-03,+40.201005E-03
+9.857500E-03,-60.301507E-03,+40.201005E-03
+9.860000E-03,-60.301507E-03,+46.482412E-03
+9.862500E-03,-72.864321E-03,+66.582914E-03
+9.865000E-03,-80.402009E-03,+92.964823E-03
+9.867500E-03,-86.683416E-03,+100.502511E-03
+9.870000E-03,-92.964823E-03,+100.502511E-03
+9.872500E-03,-113.065325E-03,+120.603014E-03
+9.875000E-03,-113.065325E-03,+120.603014E-03
+9.877500E-03,-113.065325E-03,+140.703516E-03
+9.880000E-03,-80.402009E-03,+140.703516E-03
+9.882500E-03,-113.065325E-03,+153.266330E-03
+9.885000E-03,-80.402009E-03,+160.804018E-03
+9.887500E-03,-86.683416E-03,+160.804018E-03
+9.890000E-03,-86.683416E-03,+160.804018E-03
+9.892500E-03,-60.301507E-03,+153.266330E-03
+9.895000E-03,-52.763819E-03,+146.984923E-03
+9.897500E-03,-60.301507E-03,+140.703516E-03
+9.900000E-03,-40.201005E-03,+120.603014E-03
+9.902500E-03,-40.201005E-03,+120.603014E-03
+9.905000E-03,-46.482412E-03,+100.502511E-03
+9.907500E-03,-52.763819E-03,+60.301507E-03
+9.910000E-03,-26.381909E-03,+60.301507E-03
+9.912500E-03,-46.482412E-03,+6.281407E-03
+9.915000E-03,-6.281407E-03,+0.0E+00
+9.917500E-03,-46.482412E-03,-40.201005E-03
+9.920000E-03,-40.201005E-03,-46.482412E-03
+9.922500E-03,-60.301507E-03,-100.502511E-03
+9.925000E-03,-72.864321E-03,-140.703516E-03
+9.927500E-03,-86.683416E-03,-160.804018E-03
+9.930000E-03,-133.165828E-03,-213.567837E-03
+9.932500E-03,-153.266330E-03,-227.386932E-03
+9.935000E-03,-173.366832E-03,-267.587937E-03
+9.937500E-03,-207.286430E-03,-307.788941E-03
+9.940000E-03,-253.768842E-03,-361.809041E-03
+9.942500E-03,-287.688439E-03,-394.472358E-03
+9.945000E-03,-361.809041E-03,-422.110548E-03
+9.947500E-03,-402.010046E-03,-434.673362E-03
+9.950000E-03,-454.773864E-03,-482.412055E-03
+9.952500E-03,-494.974869E-03,-488.693462E-03
+9.955000E-03,-562.814064E-03,-522.613060E-03
+9.957500E-03,-623.115571E-03,-562.814064E-03
+9.960000E-03,-709.798987E-03,-522.613060E-03
+9.962500E-03,-756.281399E-03,-562.814064E-03
+9.965000E-03,-829.145720E-03,-562.814064E-03
+9.967500E-03,-896.984915E-03,-562.814064E-03
+9.970000E-03,-944.723608E-03,-542.713562E-03
+9.972500E-03,-1.005025115E+00,-522.613060E-03
+9.975000E-03,-1.057788933E+00,-515.075371E-03
+9.977500E-03,-1.125628129E+00,-482.412055E-03
+9.980000E-03,-1.178391947E+00,-448.492458E-03
+9.982500E-03,-1.232412047E+00,-422.110548E-03
+9.985000E-03,-1.286432147E+00,-388.190951E-03
+9.987500E-03,-1.332914559E+00,-354.271353E-03
+9.990000E-03,-1.366834156E+00,-321.608037E-03
+9.992500E-03,-1.407035161E+00,-281.407032E-03
+9.995000E-03,-1.433417070E+00,-227.386932E-03
+9.997500E-03,-1.447236165E+00,-180.904521E-03
+10.000000E-03,-1.479899482E+00,-133.165828E-03
+10.002500E-03,-1.487437170E+00,-72.864321E-03
+10.005000E-03,-1.507537672E+00,-40.201005E-03
+10.007500E-03,-1.507537672E+00,+12.562814E-03
+10.010000E-03,-1.473618075E+00,+66.582914E-03
+10.012500E-03,-1.479899482E+00,+120.603014E-03
+10.015000E-03,-1.467336668E+00,+146.984923E-03
+10.017500E-03,-1.459798979E+00,+201.005023E-03
+10.020000E-03,-1.413316568E+00,+227.386932E-03
+10.022500E-03,-1.386934659E+00,+293.969846E-03
+10.025000E-03,-1.326633152E+00,+334.170851E-03
+10.027500E-03,-1.306532649E+00,+354.271353E-03
+10.030000E-03,-1.258793956E+00,+381.909544E-03
+10.032500E-03,-1.206030138E+00,+434.673362E-03
+10.035000E-03,-1.152010038E+00,+454.773864E-03
+10.037500E-03,-1.085427124E+00,+462.311553E-03
+10.040000E-03,-1.031407024E+00,+482.412055E-03
+10.042500E-03,-964.824110E-03,+488.693462E-03
+10.045000E-03,-910.804010E-03,+482.412055E-03
+10.047500E-03,-844.221096E-03,+494.974869E-03
+10.050000E-03,-790.200997E-03,+494.974869E-03
+10.052500E-03,-749.999992E-03,+494.974869E-03
+10.055000E-03,-663.316576E-03,+482.412055E-03
+10.057500E-03,-582.914567E-03,+467.336678E-03
+10.060000E-03,-542.713562E-03,+462.311553E-03
+10.062500E-03,-468.592960E-03,+422.110548E-03
+10.065000E-03,-422.110548E-03,+402.010046E-03
+10.067500E-03,-368.090448E-03,+361.809041E-03
+10.070000E-03,-361.809041E-03,+347.989946E-03
+10.072500E-03,-287.688439E-03,+307.788941E-03
+10.075000E-03,-253.768842E-03,+261.306530E-03
+10.077500E-03,-213.567837E-03,+241.206028E-03
+10.080000E-03,-180.904521E-03,+201.005023E-03
+10.082500E-03,-153.266330E-03,+160.804018E-03
+10.085000E-03,-120.603014E-03,+140.703516E-03
+10.087500E-03,-100.502511E-03,+100.502511E-03
+10.090000E-03,-92.964823E-03,+66.582914E-03
+10.092500E-03,-80.402009E-03,+20.100502E-03
+10.095000E-03,-52.763819E-03,+0.0E+00
+10.097500E-03,-52.763819E-03,-45.226130E-03
+10.100000E-03,-46.482412E-03,-60.301507E-03
+10.102500E-03,-40.201005E-03,-100.502511E-03
+10.105000E-03,-32.663316E-03,-126.884421E-03
+10.107500E-03,-40.201005E-03,-133.165828E-03
+10.110000E-03,-46.482412E-03,-167.085425E-03
+10.112500E-03,-60.301507E-03,-160.804018E-03
+10.115000E-03,-52.763819E-03,-167.085425E-03
+10.117500E-03,-60.301507E-03,-201.005023E-03
+10.120000E-03,-80.402009E-03,-193.467335E-03
+10.122500E-03,-80.402009E-03,-221.105525E-03
+10.125000E-03,-66.582914E-03,-213.567837E-03
+10.127500E-03,-100.502511E-03,-207.286430E-03
+10.130000E-03,-86.683416E-03,-207.286430E-03
+10.132500E-03,-105.527637E-03,-207.286430E-03
+10.135000E-03,-86.683416E-03,-207.286430E-03
+10.137500E-03,-100.502511E-03,-201.005023E-03
+10.140000E-03,-100.502511E-03,-207.286430E-03
+10.142500E-03,-92.964823E-03,-160.804018E-03
+10.145000E-03,-92.964823E-03,-153.266330E-03
+10.147500E-03,-133.165828E-03,-173.366832E-03
+10.150000E-03,-80.402009E-03,-160.804018E-03
+10.152500E-03,-92.964823E-03,-120.603014E-03
+10.155000E-03,-100.502511E-03,-100.502511E-03
+10.157500E-03,-85.427135E-03,-100.502511E-03
+10.160000E-03,-54.020100E-03,-86.683416E-03
+10.162500E-03,-60.301507E-03,-80.402009E-03
+10.165000E-03,-72.864321E-03,-40.201005E-03
+10.167500E-03,-40.201005E-03,-20.100502E-03
+10.170000E-03,-40.201005E-03,-20.100502E-03
+10.172500E-03,-12.562814E-03,-32.663316E-03
+10.175000E-03,-12.562814E-03,-6.281407E-03
+10.177500E-03,+0.0E+00,-20.100502E-03
+10.180000E-03,+20.100502E-03,-6.281407E-03
+10.182500E-03,+20.100502E-03,+0.0E+00
+10.185000E-03,+6.281407E-03,+0.0E+00
+10.187500E-03,+32.663316E-03,+6.281407E-03
+10.190000E-03,+40.201005E-03,-12.562814E-03
+10.192500E-03,+20.100502E-03,+20.100502E-03
+10.195000E-03,+26.381909E-03,+0.0E+00
+10.197500E-03,+66.582914E-03,+6.281407E-03
+10.200000E-03,+72.864321E-03,-6.281407E-03
+10.202500E-03,+40.201005E-03,+0.0E+00
+10.205000E-03,+40.201005E-03,+0.0E+00
+10.207500E-03,+40.201005E-03,-26.381909E-03
+10.210000E-03,+40.201005E-03,+0.0E+00
+10.212500E-03,+60.301507E-03,-20.100502E-03
+10.215000E-03,+40.201005E-03,-40.201005E-03
+10.217500E-03,+40.201005E-03,-32.663316E-03
+10.220000E-03,+25.125628E-03,-6.281407E-03
+10.222500E-03,+40.201005E-03,-40.201005E-03
+10.225000E-03,+20.100502E-03,-46.482412E-03
+10.227500E-03,+20.100502E-03,-46.482412E-03
+10.230000E-03,+6.281407E-03,-20.100502E-03
+10.232500E-03,-12.562814E-03,-32.663316E-03
+10.235000E-03,-5.025126E-03,-26.381909E-03
+10.237500E-03,-12.562814E-03,-32.663316E-03
+10.240000E-03,-12.562814E-03,-52.763819E-03
+10.242500E-03,-40.201005E-03,-40.201005E-03
+10.245000E-03,-40.201005E-03,-26.381909E-03
+10.247500E-03,-32.663316E-03,-26.381909E-03
+10.250000E-03,-40.201005E-03,-12.562814E-03
+10.252500E-03,-52.763819E-03,-32.663316E-03
+10.255000E-03,-46.482412E-03,-12.562814E-03
+10.257500E-03,-60.301507E-03,-20.100502E-03
+10.260000E-03,-60.301507E-03,+0.0E+00
+10.262500E-03,-60.301507E-03,+0.0E+00
+10.265000E-03,-60.301507E-03,-6.281407E-03
+10.267500E-03,-66.582914E-03,+0.0E+00
+10.270000E-03,-46.482412E-03,+6.281407E-03
+10.272500E-03,-60.301507E-03,-12.562814E-03
+10.275000E-03,-66.582914E-03,+12.562814E-03
+10.277500E-03,-60.301507E-03,+6.281407E-03
+10.280000E-03,-60.301507E-03,+6.281407E-03
+10.282500E-03,-60.301507E-03,+26.381909E-03
+10.285000E-03,-60.301507E-03,+12.562814E-03
+10.287500E-03,-72.864321E-03,+0.0E+00
+10.290000E-03,-40.201005E-03,+26.381909E-03
+10.292500E-03,-26.381909E-03,+12.562814E-03
+10.295000E-03,-40.201005E-03,+0.0E+00
+10.297500E-03,-26.381909E-03,+6.281407E-03
+10.300000E-03,-40.201005E-03,-6.281407E-03
+10.302500E-03,-40.201005E-03,-12.562814E-03
+10.305000E-03,-52.763819E-03,+6.281407E-03
+10.307500E-03,-32.663316E-03,+0.0E+00
+10.310000E-03,-40.201005E-03,-6.281407E-03
+10.312500E-03,-12.562814E-03,-6.281407E-03
+10.315000E-03,-32.663316E-03,-12.562814E-03
+10.317500E-03,-26.381909E-03,-20.100502E-03
+10.320000E-03,-40.201005E-03,-32.663316E-03
+10.322500E-03,-20.100502E-03,-32.663316E-03
+10.325000E-03,-20.100502E-03,-32.663316E-03
+10.327500E-03,-13.819095E-03,-40.201005E-03
+10.330000E-03,-26.381909E-03,-40.201005E-03
+10.332500E-03,-32.663316E-03,-52.763819E-03
+10.335000E-03,-20.100502E-03,-52.763819E-03
+10.337500E-03,-26.381909E-03,-40.201005E-03
+10.340000E-03,-40.201005E-03,-46.482412E-03
+10.342500E-03,-46.482412E-03,-60.301507E-03
+10.345000E-03,-46.482412E-03,-60.301507E-03
+10.347500E-03,-52.763819E-03,-66.582914E-03
+10.350000E-03,-26.381909E-03,-46.482412E-03
+10.352500E-03,-40.201005E-03,-60.301507E-03
+10.355000E-03,-40.201005E-03,-60.301507E-03
+10.357500E-03,-40.201005E-03,-40.201005E-03
+10.360000E-03,-40.201005E-03,-72.864321E-03
+10.362500E-03,-40.201005E-03,-52.763819E-03
+10.365000E-03,-40.201005E-03,-46.482412E-03
+10.367500E-03,-60.301507E-03,-52.763819E-03
+10.370000E-03,-40.201005E-03,-52.763819E-03
+10.372500E-03,-40.201005E-03,-60.301507E-03
+10.375000E-03,-40.201005E-03,-26.381909E-03
+10.377500E-03,-32.663316E-03,-40.201005E-03
+10.380000E-03,-46.482412E-03,-26.381909E-03
+10.382500E-03,-52.763819E-03,-20.100502E-03
+10.385000E-03,-26.381909E-03,-20.100502E-03
+10.387500E-03,-26.381909E-03,-20.100502E-03
+10.390000E-03,-26.381909E-03,-6.281407E-03
+10.392500E-03,-26.381909E-03,-12.562814E-03
+10.395000E-03,-6.281407E-03,-20.100502E-03
+10.397500E-03,-12.562814E-03,-26.381909E-03
+10.400000E-03,-40.201005E-03,-20.100502E-03
+10.402500E-03,-20.100502E-03,-20.100502E-03
+10.405000E-03,+0.0E+00,-6.281407E-03
+10.407500E-03,-6.281407E-03,+0.0E+00
+10.410000E-03,-12.562814E-03,-6.281407E-03
+10.412500E-03,-6.281407E-03,-20.100502E-03
+10.415000E-03,-12.562814E-03,-40.201005E-03
+10.417500E-03,-12.562814E-03,-20.100502E-03
+10.420000E-03,+0.0E+00,-20.100502E-03
+10.422500E-03,+0.0E+00,-12.562814E-03
+10.425000E-03,+0.0E+00,-26.381909E-03
+10.427500E-03,+6.281407E-03,-20.100502E-03
+10.430000E-03,-12.562814E-03,-20.100502E-03
+10.432500E-03,-6.281407E-03,-32.663316E-03
+10.435000E-03,-6.281407E-03,-26.381909E-03
+10.437500E-03,-25.125628E-03,-26.381909E-03
+10.440000E-03,-6.281407E-03,-6.281407E-03
+10.442500E-03,-32.663316E-03,-40.201005E-03
+10.445000E-03,+0.0E+00,-32.663316E-03
+10.447500E-03,-26.381909E-03,-40.201005E-03
+10.450000E-03,-32.663316E-03,-46.482412E-03
+10.452500E-03,-25.125628E-03,-32.663316E-03
+10.455000E-03,-20.100502E-03,-40.201005E-03
+10.457500E-03,-26.381909E-03,-32.663316E-03
+10.460000E-03,-32.663316E-03,-40.201005E-03
+10.462500E-03,-32.663316E-03,-26.381909E-03
+10.465000E-03,-32.663316E-03,-26.381909E-03
+10.467500E-03,-26.381909E-03,-20.100502E-03
+10.470000E-03,-6.281407E-03,-40.201005E-03
+10.472500E-03,-32.663316E-03,-20.100502E-03
+10.475000E-03,-40.201005E-03,-20.100502E-03
+10.477500E-03,-40.201005E-03,-20.100502E-03
+10.480000E-03,-40.201005E-03,-20.100502E-03
+10.482500E-03,-40.201005E-03,-20.100502E-03
+10.485000E-03,-60.301507E-03,-26.381909E-03
+10.487500E-03,-20.100502E-03,-20.100502E-03
+10.490000E-03,-40.201005E-03,-12.562814E-03
+10.492500E-03,-52.763819E-03,-20.100502E-03
+10.495000E-03,-40.201005E-03,-20.100502E-03
+10.497500E-03,-46.482412E-03,-20.100502E-03
+10.500000E-03,-32.663316E-03,-12.562814E-03
+10.502500E-03,-32.663316E-03,-20.100502E-03
+10.505000E-03,-45.226130E-03,-26.381909E-03
+10.507500E-03,-40.201005E-03,-20.100502E-03
+10.510000E-03,-40.201005E-03,-6.281407E-03
+10.512500E-03,-52.763819E-03,-6.281407E-03
+10.515000E-03,-40.201005E-03,-20.100502E-03
+10.517500E-03,-40.201005E-03,-20.100502E-03
+10.520000E-03,-26.381909E-03,-6.281407E-03
+10.522500E-03,-52.763819E-03,-26.381909E-03
+10.525000E-03,-40.201005E-03,-20.100502E-03
+10.527500E-03,-25.125628E-03,-32.663316E-03
+10.530000E-03,-26.381909E-03,-20.100502E-03
+10.532500E-03,-13.819095E-03,-12.562814E-03
+10.535000E-03,-32.663316E-03,-26.381909E-03
+10.537500E-03,-40.201005E-03,-32.663316E-03
+10.540000E-03,-40.201005E-03,-40.201005E-03
+10.542500E-03,-32.663316E-03,-26.381909E-03
+10.545000E-03,-20.100502E-03,-26.381909E-03
+10.547500E-03,-12.562814E-03,-40.201005E-03
+10.550000E-03,-40.201005E-03,-32.663316E-03
+10.552500E-03,-32.663316E-03,-40.201005E-03
+10.555000E-03,-20.100502E-03,-32.663316E-03
+10.557500E-03,-26.381909E-03,-26.381909E-03
+10.560000E-03,-32.663316E-03,-40.201005E-03
+10.562500E-03,-25.125628E-03,-40.201005E-03
+10.565000E-03,-40.201005E-03,-40.201005E-03
+10.567500E-03,-60.301507E-03,-40.201005E-03
+10.570000E-03,-40.201005E-03,-52.763819E-03
+10.572500E-03,-40.201005E-03,-40.201005E-03
+10.575000E-03,-40.201005E-03,-52.763819E-03
+10.577500E-03,-20.100502E-03,-40.201005E-03
+10.580000E-03,-32.663316E-03,-40.201005E-03
+10.582500E-03,-32.663316E-03,-46.482412E-03
+10.585000E-03,-26.381909E-03,-26.381909E-03
+10.587500E-03,-40.201005E-03,-26.381909E-03
+10.590000E-03,-40.201005E-03,-40.201005E-03
+10.592500E-03,-32.663316E-03,-20.100502E-03
+10.595000E-03,-32.663316E-03,-13.819095E-03
+10.597500E-03,-46.482412E-03,-26.381909E-03
+10.600000E-03,-26.381909E-03,-40.201005E-03
+10.602500E-03,-40.201005E-03,-20.100502E-03
+10.605000E-03,-20.100502E-03,-20.100502E-03
+10.607500E-03,-20.100502E-03,-6.281407E-03
+10.610000E-03,-32.663316E-03,-40.201005E-03
+10.612500E-03,-32.663316E-03,-20.100502E-03
+10.615000E-03,-26.381909E-03,-20.100502E-03
+10.617500E-03,-20.100502E-03,-32.663316E-03
+10.620000E-03,-20.100502E-03,-12.562814E-03
+10.622500E-03,-40.201005E-03,-20.100502E-03
+10.625000E-03,-20.100502E-03,-26.381909E-03
+10.627500E-03,-32.663316E-03,-12.562814E-03
+10.630000E-03,-26.381909E-03,-20.100502E-03
+10.632500E-03,-32.663316E-03,-20.100502E-03
+10.635000E-03,-20.100502E-03,-32.663316E-03
+10.637500E-03,-20.100502E-03,-20.100502E-03
+10.640000E-03,-26.381909E-03,-6.281407E-03
+10.642500E-03,-26.381909E-03,-32.663316E-03
+10.645000E-03,-20.100502E-03,-32.663316E-03
+10.647500E-03,-32.663316E-03,-12.562814E-03
+10.650000E-03,-12.562814E-03,-20.100502E-03
+10.652500E-03,-20.100502E-03,-40.201005E-03
+10.655000E-03,-26.381909E-03,-32.663316E-03
+10.657500E-03,-26.381909E-03,-40.201005E-03
+10.660000E-03,-20.100502E-03,-40.201005E-03
+10.662500E-03,-20.100502E-03,-26.381909E-03
+10.665000E-03,-26.381909E-03,-26.381909E-03
+10.667500E-03,-32.663316E-03,-26.381909E-03
+10.670000E-03,-32.663316E-03,-26.381909E-03
+10.672500E-03,-40.201005E-03,-26.381909E-03
+10.675000E-03,-20.100502E-03,-52.763819E-03
+10.677500E-03,-26.381909E-03,-32.663316E-03
+10.680000E-03,-40.201005E-03,-40.201005E-03
+10.682500E-03,-32.663316E-03,-26.381909E-03
+10.685000E-03,-46.482412E-03,-33.919598E-03
+10.687500E-03,-20.100502E-03,-20.100502E-03
+10.690000E-03,-32.663316E-03,-20.100502E-03
+10.692500E-03,-40.201005E-03,-12.562814E-03
+10.695000E-03,-32.663316E-03,-20.100502E-03
+10.697500E-03,-40.201005E-03,-32.663316E-03
+10.700000E-03,-40.201005E-03,-26.381909E-03
+10.702500E-03,-26.381909E-03,-20.100502E-03
+10.705000E-03,-26.381909E-03,-6.281407E-03
+10.707500E-03,-40.201005E-03,-12.562814E-03
+10.710000E-03,-32.663316E-03,-20.100502E-03
+10.712500E-03,-20.100502E-03,-20.100502E-03
+10.715000E-03,-6.281407E-03,-20.100502E-03
+10.717500E-03,-40.201005E-03,-20.100502E-03
+10.720000E-03,-26.381909E-03,-12.562814E-03
+10.722500E-03,-40.201005E-03,-20.100502E-03
+10.725000E-03,-40.201005E-03,-32.663316E-03
+10.727500E-03,-40.201005E-03,-12.562814E-03
+10.730000E-03,-26.381909E-03,-32.663316E-03
+10.732500E-03,-12.562814E-03,-12.562814E-03
+10.735000E-03,-32.663316E-03,-20.100502E-03
+10.737500E-03,-20.100502E-03,-45.226130E-03
+10.740000E-03,-26.381909E-03,-20.100502E-03
+10.742500E-03,-40.201005E-03,-20.100502E-03
+10.745000E-03,-20.100502E-03,-6.281407E-03
+10.747500E-03,-26.381909E-03,-20.100502E-03
+10.750000E-03,+0.0E+00,-40.201005E-03
+10.752500E-03,-20.100502E-03,-20.100502E-03
+10.755000E-03,-20.100502E-03,-20.100502E-03
+10.757500E-03,-20.100502E-03,-40.201005E-03
+10.760000E-03,-32.663316E-03,-26.381909E-03
+10.762500E-03,-26.381909E-03,-26.381909E-03
+10.765000E-03,-20.100502E-03,-26.381909E-03
+10.767500E-03,-20.100502E-03,-40.201005E-03
+10.770000E-03,-33.919598E-03,-20.100502E-03
+10.772500E-03,-32.663316E-03,-20.100502E-03
+10.775000E-03,-20.100502E-03,-20.100502E-03
+10.777500E-03,-40.201005E-03,-32.663316E-03
+10.780000E-03,-26.381909E-03,-40.201005E-03
+10.782500E-03,-20.100502E-03,-20.100502E-03
+10.785000E-03,-45.226130E-03,-20.100502E-03
+10.787500E-03,-26.381909E-03,-20.100502E-03
+10.790000E-03,-40.201005E-03,-26.381909E-03
+10.792500E-03,-32.663316E-03,-40.201005E-03
+10.795000E-03,-6.281407E-03,-26.381909E-03
+10.797500E-03,-32.663316E-03,-32.663316E-03
+10.800000E-03,-46.482412E-03,-13.819095E-03
+10.802500E-03,-40.201005E-03,-20.100502E-03
+10.805000E-03,-20.100502E-03,-40.201005E-03
+10.807500E-03,-20.100502E-03,-26.381909E-03
+10.810000E-03,-52.763819E-03,-32.663316E-03
+10.812500E-03,-20.100502E-03,-12.562814E-03
+10.815000E-03,-20.100502E-03,-20.100502E-03
+10.817500E-03,-26.381909E-03,-20.100502E-03
+10.820000E-03,-20.100502E-03,-26.381909E-03
+10.822500E-03,-45.226130E-03,-40.201005E-03
+10.825000E-03,-25.125628E-03,-20.100502E-03
+10.827500E-03,-46.482412E-03,-20.100502E-03
+10.830000E-03,-40.201005E-03,-20.100502E-03
+10.832500E-03,-26.381909E-03,-12.562814E-03
+10.835000E-03,-20.100502E-03,-6.281407E-03
+10.837500E-03,-32.663316E-03,-12.562814E-03
+10.840000E-03,-13.819095E-03,-20.100502E-03
+10.842500E-03,-20.100502E-03,-20.100502E-03
+10.845000E-03,-26.381909E-03,-6.281407E-03
+10.847500E-03,-20.100502E-03,-26.381909E-03
+10.850000E-03,-26.381909E-03,-20.100502E-03
+10.852500E-03,-40.201005E-03,-20.100502E-03
+10.855000E-03,-26.381909E-03,-20.100502E-03
+10.857500E-03,-12.562814E-03,-32.663316E-03
+10.860000E-03,-20.100502E-03,-20.100502E-03
+10.862500E-03,-20.100502E-03,-20.100502E-03
+10.865000E-03,-45.226130E-03,-20.100502E-03
+10.867500E-03,-40.201005E-03,-20.100502E-03
+10.870000E-03,-32.663316E-03,-26.381909E-03
+10.872500E-03,-32.663316E-03,-20.100502E-03
+10.875000E-03,-26.381909E-03,-20.100502E-03
+10.877500E-03,-40.201005E-03,-40.201005E-03
+10.880000E-03,-13.819095E-03,-6.281407E-03
+10.882500E-03,-26.381909E-03,-20.100502E-03
+10.885000E-03,-32.663316E-03,-20.100502E-03
+10.887500E-03,-32.663316E-03,-20.100502E-03
+10.890000E-03,-20.100502E-03,-40.201005E-03
+10.892500E-03,-20.100502E-03,-26.381909E-03
+10.895000E-03,-32.663316E-03,-20.100502E-03
+10.897500E-03,-32.663316E-03,-12.562814E-03
+10.900000E-03,-26.381909E-03,-26.381909E-03
+10.902500E-03,-40.201005E-03,-26.381909E-03
+10.905000E-03,-40.201005E-03,-32.663316E-03
+10.907500E-03,-40.201005E-03,-20.100502E-03
+10.910000E-03,-40.201005E-03,-40.201005E-03
+10.912500E-03,-40.201005E-03,-6.281407E-03
+10.915000E-03,-40.201005E-03,-6.281407E-03
+10.917500E-03,-40.201005E-03,-20.100502E-03
+10.920000E-03,-40.201005E-03,-40.201005E-03
+10.922500E-03,-40.201005E-03,-20.100502E-03
+10.925000E-03,-40.201005E-03,-26.381909E-03
+10.927500E-03,-20.100502E-03,-20.100502E-03
+10.930000E-03,-33.919598E-03,-20.100502E-03
+10.932500E-03,-40.201005E-03,-12.562814E-03
+10.935000E-03,-52.763819E-03,-32.663316E-03
+10.937500E-03,-26.381909E-03,+0.0E+00
+10.940000E-03,-40.201005E-03,-32.663316E-03
+10.942500E-03,-32.663316E-03,-12.562814E-03
+10.945000E-03,-40.201005E-03,-26.381909E-03
+10.947500E-03,-40.201005E-03,-6.281407E-03
+10.950000E-03,-40.201005E-03,-6.281407E-03
+10.952500E-03,-32.663316E-03,-20.100502E-03
+10.955000E-03,-26.381909E-03,-20.100502E-03
+10.957500E-03,-20.100502E-03,-32.663316E-03
+10.960000E-03,-32.663316E-03,-20.100502E-03
+10.962500E-03,-13.819095E-03,-6.281407E-03
+10.965000E-03,-20.100502E-03,-20.100502E-03
+10.967500E-03,-20.100502E-03,-26.381909E-03
+10.970000E-03,-26.381909E-03,-20.100502E-03
+10.972500E-03,-20.100502E-03,-20.100502E-03
+10.975000E-03,-26.381909E-03,-26.381909E-03
+10.977500E-03,-26.381909E-03,-40.201005E-03
+10.980000E-03,+0.0E+00,-20.100502E-03
+10.982500E-03,-12.562814E-03,-40.201005E-03
+10.985000E-03,-40.201005E-03,-20.100502E-03
+10.987500E-03,-26.381909E-03,-20.100502E-03
+10.990000E-03,-12.562814E-03,-20.100502E-03
+10.992500E-03,-13.819095E-03,-20.100502E-03
+10.995000E-03,-12.562814E-03,-6.281407E-03
+10.997500E-03,-20.100502E-03,-20.100502E-03
+11.000000E-03,-26.381909E-03,-26.381909E-03
+11.002500E-03,-46.482412E-03,-40.201005E-03
+11.005000E-03,-20.100502E-03,-13.819095E-03
+11.007500E-03,-20.100502E-03,-20.100502E-03
+11.010000E-03,-40.201005E-03,-32.663316E-03
+11.012500E-03,-32.663316E-03,-32.663316E-03
+11.015000E-03,-32.663316E-03,-20.100502E-03
+11.017500E-03,-52.763819E-03,-40.201005E-03
+11.020000E-03,-40.201005E-03,-25.125628E-03
+11.022500E-03,-26.381909E-03,-26.381909E-03
+11.025000E-03,-26.381909E-03,-12.562814E-03
+11.027500E-03,-20.100502E-03,-20.100502E-03
+11.030000E-03,-20.100502E-03,-20.100502E-03
+11.032500E-03,-26.381909E-03,-40.201005E-03
+11.035000E-03,-20.100502E-03,-20.100502E-03
+11.037500E-03,-40.201005E-03,-40.201005E-03
+11.040000E-03,-40.201005E-03,-26.381909E-03
+11.042500E-03,-45.226130E-03,-20.100502E-03
+11.045000E-03,-6.281407E-03,+0.0E+00
+11.047500E-03,-46.482412E-03,-32.663316E-03
+11.050000E-03,-32.663316E-03,-32.663316E-03
+11.052500E-03,-40.201005E-03,-13.819095E-03
+11.055000E-03,-32.663316E-03,-20.100502E-03
+11.057500E-03,-32.663316E-03,-40.201005E-03
+11.060000E-03,-32.663316E-03,-13.819095E-03
+11.062500E-03,-40.201005E-03,-20.100502E-03
+11.065000E-03,-40.201005E-03,-32.663316E-03
+11.067500E-03,-20.100502E-03,-20.100502E-03
+11.070000E-03,-40.201005E-03,-6.281407E-03
+11.072500E-03,-26.381909E-03,-20.100502E-03
+11.075000E-03,-52.763819E-03,-20.100502E-03
+11.077500E-03,-13.819095E-03,-32.663316E-03
+11.080000E-03,-32.663316E-03,-32.663316E-03
+11.082500E-03,-26.381909E-03,-6.281407E-03
+11.085000E-03,-40.201005E-03,-40.201005E-03
+11.087500E-03,-40.201005E-03,-32.663316E-03
+11.090000E-03,-40.201005E-03,-32.663316E-03
+11.092500E-03,-46.482412E-03,-20.100502E-03
+11.095000E-03,-40.201005E-03,-20.100502E-03
+11.097500E-03,-20.100502E-03,-40.201005E-03
+11.100000E-03,-32.663316E-03,-20.100502E-03
+11.102500E-03,-32.663316E-03,-32.663316E-03
+11.105000E-03,-20.100502E-03,-25.125628E-03
+11.107500E-03,-32.663316E-03,-32.663316E-03
+11.110000E-03,-20.100502E-03,-32.663316E-03
+11.112500E-03,-20.100502E-03,-20.100502E-03
+11.115000E-03,-32.663316E-03,-13.819095E-03
+11.117500E-03,-26.381909E-03,-32.663316E-03
+11.120000E-03,-25.125628E-03,-6.281407E-03
+11.122500E-03,-32.663316E-03,-40.201005E-03
+11.125000E-03,-26.381909E-03,-20.100502E-03
+11.127500E-03,-26.381909E-03,-32.663316E-03
+11.130000E-03,-40.201005E-03,-20.100502E-03
+11.132500E-03,-32.663316E-03,-40.201005E-03
+11.135000E-03,-40.201005E-03,-40.201005E-03
+11.137500E-03,-40.201005E-03,-20.100502E-03
+11.140000E-03,-6.281407E-03,-20.100502E-03
+11.142500E-03,-26.381909E-03,-20.100502E-03
+11.145000E-03,-26.381909E-03,-6.281407E-03
+11.147500E-03,-20.100502E-03,-20.100502E-03
+11.150000E-03,-20.100502E-03,-12.562814E-03
+11.152500E-03,-32.663316E-03,-6.281407E-03
+11.155000E-03,-26.381909E-03,-26.381909E-03
+11.157500E-03,-40.201005E-03,-40.201005E-03
+11.160000E-03,-20.100502E-03,-20.100502E-03
+11.162500E-03,-20.100502E-03,-12.562814E-03
+11.165000E-03,-40.201005E-03,-20.100502E-03
+11.167500E-03,-26.381909E-03,-26.381909E-03
+11.170000E-03,-32.663316E-03,-12.562814E-03
+11.172500E-03,-6.281407E-03,-20.100502E-03
+11.175000E-03,-40.201005E-03,-26.381909E-03
+11.177500E-03,-12.562814E-03,-20.100502E-03
+11.180000E-03,-20.100502E-03,-20.100502E-03
+11.182500E-03,-20.100502E-03,-20.100502E-03
+11.185000E-03,-26.381909E-03,-20.100502E-03
+11.187500E-03,-40.201005E-03,-20.100502E-03
+11.190000E-03,-20.100502E-03,-40.201005E-03
+11.192500E-03,-26.381909E-03,-20.100502E-03
+11.195000E-03,-32.663316E-03,-20.100502E-03
+11.197500E-03,-26.381909E-03,-40.201005E-03
+11.200000E-03,-32.663316E-03,-20.100502E-03
+11.202500E-03,-20.100502E-03,-6.281407E-03
+11.205000E-03,-6.281407E-03,-20.100502E-03
+11.207500E-03,-20.100502E-03,-6.281407E-03
+11.210000E-03,-40.201005E-03,-20.100502E-03
+11.212500E-03,-26.381909E-03,-40.201005E-03
+11.215000E-03,-26.381909E-03,-40.201005E-03
+11.217500E-03,-13.819095E-03,-40.201005E-03
+11.220000E-03,-46.482412E-03,-6.281407E-03
+11.222500E-03,-26.381909E-03,-20.100502E-03
+11.225000E-03,-20.100502E-03,-60.301507E-03
+11.227500E-03,-32.663316E-03,-26.381909E-03
+11.230000E-03,-20.100502E-03,-20.100502E-03
+11.232500E-03,-40.201005E-03,-32.663316E-03
+11.235000E-03,-40.201005E-03,-20.100502E-03
+11.237500E-03,-20.100502E-03,-32.663316E-03
+11.240000E-03,-46.482412E-03,-40.201005E-03
+11.242500E-03,-40.201005E-03,-26.381909E-03
+11.245000E-03,-40.201005E-03,-12.562814E-03
+11.247500E-03,-40.201005E-03,-40.201005E-03
+11.250000E-03,-32.663316E-03,-20.100502E-03
+11.252500E-03,-20.100502E-03,-32.663316E-03
+11.255000E-03,-40.201005E-03,-32.663316E-03
+11.257500E-03,-20.100502E-03,-20.100502E-03
+11.260000E-03,-20.100502E-03,-20.100502E-03
+11.262500E-03,-20.100502E-03,-32.663316E-03
+11.265000E-03,-32.663316E-03,-20.100502E-03
+11.267500E-03,-40.201005E-03,-20.100502E-03
+11.270000E-03,-20.100502E-03,-26.381909E-03
+11.272500E-03,-13.819095E-03,-26.381909E-03
+11.275000E-03,-20.100502E-03,-20.100502E-03
+11.277500E-03,-32.663316E-03,-20.100502E-03
+11.280000E-03,-40.201005E-03,-40.201005E-03
+11.282500E-03,-20.100502E-03,-32.663316E-03
+11.285000E-03,-20.100502E-03,-12.562814E-03
+11.287500E-03,-40.201005E-03,-40.201005E-03
+11.290000E-03,-26.381909E-03,-26.381909E-03
+11.292500E-03,-6.281407E-03,-20.100502E-03
+11.295000E-03,-40.201005E-03,-26.381909E-03
+11.297500E-03,-20.100502E-03,-20.100502E-03
+11.300000E-03,-20.100502E-03,-20.100502E-03
+11.302500E-03,-26.381909E-03,-40.201005E-03
+11.305000E-03,-20.100502E-03,-32.663316E-03
+11.307500E-03,-40.201005E-03,-20.100502E-03
+11.310000E-03,-12.562814E-03,-26.381909E-03
+11.312500E-03,-12.562814E-03,-20.100502E-03
+11.315000E-03,-26.381909E-03,-32.663316E-03
+11.317500E-03,-40.201005E-03,-20.100502E-03
+11.320000E-03,-40.201005E-03,-40.201005E-03
+11.322500E-03,-32.663316E-03,-32.663316E-03
+11.325000E-03,-32.663316E-03,-26.381909E-03
+11.327500E-03,-26.381909E-03,-26.381909E-03
+11.330000E-03,-20.100502E-03,-20.100502E-03
+11.332500E-03,-32.663316E-03,-40.201005E-03
+11.335000E-03,-32.663316E-03,-32.663316E-03
+11.337500E-03,-32.663316E-03,-20.100502E-03
+11.340000E-03,-32.663316E-03,-20.100502E-03
+11.342500E-03,-6.281407E-03,-32.663316E-03
+11.345000E-03,-40.201005E-03,-26.381909E-03
+11.347500E-03,-20.100502E-03,-12.562814E-03
+11.350000E-03,-20.100502E-03,-20.100502E-03
+11.352500E-03,-32.663316E-03,-20.100502E-03
+11.355000E-03,-40.201005E-03,-20.100502E-03
+11.357500E-03,-26.381909E-03,-20.100502E-03
+11.360000E-03,-20.100502E-03,-20.100502E-03
+11.362500E-03,-25.125628E-03,-40.201005E-03
+11.365000E-03,-40.201005E-03,-32.663316E-03
+11.367500E-03,-12.562814E-03,-12.562814E-03
+11.370000E-03,-40.201005E-03,-26.381909E-03
+11.372500E-03,-32.663316E-03,-32.663316E-03
+11.375000E-03,-40.201005E-03,-6.281407E-03
+11.377500E-03,-40.201005E-03,-26.381909E-03
+11.380000E-03,-20.100502E-03,-20.100502E-03
+11.382500E-03,-26.381909E-03,-20.100502E-03
+11.385000E-03,-20.100502E-03,-26.381909E-03
+11.387500E-03,-40.201005E-03,-20.100502E-03
+11.390000E-03,-40.201005E-03,+0.0E+00
+11.392500E-03,-25.125628E-03,-26.381909E-03
+11.395000E-03,-40.201005E-03,-46.482412E-03
+11.397500E-03,-40.201005E-03,-20.100502E-03
+11.400000E-03,-6.281407E-03,-20.100502E-03
+11.402500E-03,-40.201005E-03,-40.201005E-03
+11.405000E-03,-40.201005E-03,-20.100502E-03
+11.407500E-03,-26.381909E-03,-20.100502E-03
+11.410000E-03,-20.100502E-03,-20.100502E-03
+11.412500E-03,-26.381909E-03,-32.663316E-03
+11.415000E-03,-26.381909E-03,-40.201005E-03
+11.417500E-03,-40.201005E-03,-26.381909E-03
+11.420000E-03,-26.381909E-03,-12.562814E-03
+11.422500E-03,-40.201005E-03,-12.562814E-03
+11.425000E-03,-26.381909E-03,-32.663316E-03
+11.427500E-03,-32.663316E-03,-32.663316E-03
+11.430000E-03,-20.100502E-03,-20.100502E-03
+11.432500E-03,-20.100502E-03,-20.100502E-03
+11.435000E-03,-32.663316E-03,-25.125628E-03
+11.437500E-03,-40.201005E-03,-20.100502E-03
+11.440000E-03,-26.381909E-03,-20.100502E-03
+11.442500E-03,-20.100502E-03,-40.201005E-03
+11.445000E-03,-26.381909E-03,-20.100502E-03
+11.447500E-03,-40.201005E-03,-32.663316E-03
+11.450000E-03,-46.482412E-03,-20.100502E-03
+11.452500E-03,-32.663316E-03,-20.100502E-03
+11.455000E-03,-26.381909E-03,-26.381909E-03
+11.457500E-03,-40.201005E-03,-40.201005E-03
+11.460000E-03,-40.201005E-03,-32.663316E-03
+11.462500E-03,-26.381909E-03,-26.381909E-03
+11.465000E-03,-32.663316E-03,-40.201005E-03
+11.467500E-03,-20.100502E-03,-32.663316E-03
+11.470000E-03,-40.201005E-03,-32.663316E-03
+11.472500E-03,-26.381909E-03,-26.381909E-03
+11.475000E-03,-20.100502E-03,-40.201005E-03
+11.477500E-03,-45.226130E-03,-32.663316E-03
+11.480000E-03,-40.201005E-03,-26.381909E-03
+11.482500E-03,-20.100502E-03,-32.663316E-03
+11.485000E-03,-32.663316E-03,-20.100502E-03
+11.487500E-03,-20.100502E-03,-20.100502E-03
+11.490000E-03,-26.381909E-03,-20.100502E-03
+11.492500E-03,-32.663316E-03,-40.201005E-03
+11.495000E-03,-26.381909E-03,-20.100502E-03
+11.497500E-03,-40.201005E-03,-20.100502E-03
+11.500000E-03,-32.663316E-03,-32.663316E-03
+11.502500E-03,-46.482412E-03,-40.201005E-03
+11.505000E-03,+0.0E+00,-6.281407E-03
+11.507500E-03,-26.381909E-03,-40.201005E-03
+11.510000E-03,-40.201005E-03,-32.663316E-03
+11.512500E-03,-40.201005E-03,-32.663316E-03
+11.515000E-03,-32.663316E-03,-20.100502E-03
+11.517500E-03,-26.381909E-03,-20.100502E-03
+11.520000E-03,-46.482412E-03,-32.663316E-03
+11.522500E-03,-26.381909E-03,-12.562814E-03
+11.525000E-03,-52.763819E-03,-20.100502E-03
+11.527500E-03,-40.201005E-03,-32.663316E-03
+11.530000E-03,-20.100502E-03,-32.663316E-03
+11.532500E-03,-26.381909E-03,-6.281407E-03
+11.535000E-03,-20.100502E-03,-20.100502E-03
+11.537500E-03,-40.201005E-03,-32.663316E-03
+11.540000E-03,-20.100502E-03,-40.201005E-03
+11.542500E-03,-12.562814E-03,-20.100502E-03
+11.545000E-03,-26.381909E-03,-20.100502E-03
+11.547500E-03,-52.763819E-03,-40.201005E-03
+11.550000E-03,-32.663316E-03,-26.381909E-03
+11.552500E-03,-26.381909E-03,-40.201005E-03
+11.555000E-03,-26.381909E-03,-6.281407E-03
+11.557500E-03,-26.381909E-03,-32.663316E-03
+11.560000E-03,-40.201005E-03,-20.100502E-03
+11.562500E-03,-33.919598E-03,-20.100502E-03
+11.565000E-03,-26.381909E-03,-32.663316E-03
+11.567500E-03,-46.482412E-03,-26.381909E-03
+11.570000E-03,-32.663316E-03,-26.381909E-03
+11.572500E-03,-40.201005E-03,-40.201005E-03
+11.575000E-03,-12.562814E-03,-26.381909E-03
+11.577500E-03,-40.201005E-03,+0.0E+00
+11.580000E-03,-20.100502E-03,-20.100502E-03
+11.582500E-03,-40.201005E-03,-20.100502E-03
+11.585000E-03,-40.201005E-03,-12.562814E-03
+11.587500E-03,-33.919598E-03,-12.562814E-03
+11.590000E-03,-26.381909E-03,-32.663316E-03
+11.592500E-03,-40.201005E-03,-20.100502E-03
+11.595000E-03,-20.100502E-03,-6.281407E-03
+11.597500E-03,-40.201005E-03,-20.100502E-03
+11.600000E-03,-20.100502E-03,-20.100502E-03
+11.602500E-03,-20.100502E-03,-32.663316E-03
+11.605000E-03,-32.663316E-03,-20.100502E-03
+11.607500E-03,-26.381909E-03,-26.381909E-03
+11.610000E-03,-12.562814E-03,-26.381909E-03
+11.612500E-03,-25.125628E-03,-20.100502E-03
+11.615000E-03,-40.201005E-03,-20.100502E-03
+11.617500E-03,-40.201005E-03,-26.381909E-03
+11.620000E-03,-13.819095E-03,-20.100502E-03
+11.622500E-03,-20.100502E-03,-32.663316E-03
+11.625000E-03,-32.663316E-03,-40.201005E-03
+11.627500E-03,-40.201005E-03,-20.100502E-03
+11.630000E-03,-40.201005E-03,-20.100502E-03
+11.632500E-03,-40.201005E-03,-52.763819E-03
+11.635000E-03,-26.381909E-03,-6.281407E-03
+11.637500E-03,-26.381909E-03,-20.100502E-03
+11.640000E-03,-26.381909E-03,-32.663316E-03
+11.642500E-03,-20.100502E-03,-20.100502E-03
+11.645000E-03,-32.663316E-03,-6.281407E-03
+11.647500E-03,-46.482412E-03,-20.100502E-03
+11.650000E-03,-40.201005E-03,-26.381909E-03
+11.652500E-03,-32.663316E-03,-20.100502E-03
+11.655000E-03,-20.100502E-03,-26.381909E-03
+11.657500E-03,-32.663316E-03,-20.100502E-03
+11.660000E-03,-12.562814E-03,-26.381909E-03
+11.662500E-03,-26.381909E-03,-20.100502E-03
+11.665000E-03,-32.663316E-03,-20.100502E-03
+11.667500E-03,-40.201005E-03,-6.281407E-03
+11.670000E-03,-26.381909E-03,-20.100502E-03
+11.672500E-03,-32.663316E-03,-26.381909E-03
+11.675000E-03,-40.201005E-03,-20.100502E-03
+11.677500E-03,-46.482412E-03,-40.201005E-03
+11.680000E-03,-6.281407E-03,-32.663316E-03
+11.682500E-03,-26.381909E-03,-12.562814E-03
+11.685000E-03,-20.100502E-03,-20.100502E-03
+11.687500E-03,-20.100502E-03,-32.663316E-03
+11.690000E-03,-40.201005E-03,-20.100502E-03
+11.692500E-03,-26.381909E-03,-40.201005E-03
+11.695000E-03,-26.381909E-03,-20.100502E-03
+11.697500E-03,-46.482412E-03,-32.663316E-03
+11.700000E-03,-20.100502E-03,-26.381909E-03
+11.702500E-03,-12.562814E-03,-26.381909E-03
+11.705000E-03,-40.201005E-03,-20.100502E-03
+11.707500E-03,-32.663316E-03,-20.100502E-03
+11.710000E-03,-26.381909E-03,-6.281407E-03
+11.712500E-03,-26.381909E-03,-26.381909E-03
+11.715000E-03,-52.763819E-03,-20.100502E-03
+11.717500E-03,-32.663316E-03,-25.125628E-03
+11.720000E-03,-32.663316E-03,-12.562814E-03
+11.722500E-03,-6.281407E-03,-46.482412E-03
+11.725000E-03,-20.100502E-03,-20.100502E-03
+11.727500E-03,-20.100502E-03,-40.201005E-03
+11.730000E-03,-52.763819E-03,-40.201005E-03
+11.732500E-03,-20.100502E-03,-52.763819E-03
+11.735000E-03,-20.100502E-03,-32.663316E-03
+11.737500E-03,-46.482412E-03,-26.381909E-03
+11.740000E-03,-20.100502E-03,-20.100502E-03
+11.742500E-03,-40.201005E-03,-26.381909E-03
+11.745000E-03,-26.381909E-03,-40.201005E-03
+11.747500E-03,-32.663316E-03,-26.381909E-03
+11.750000E-03,-26.381909E-03,-26.381909E-03
+11.752500E-03,-26.381909E-03,-20.100502E-03
+11.755000E-03,-20.100502E-03,-20.100502E-03
+11.757500E-03,-26.381909E-03,-32.663316E-03
+11.760000E-03,-32.663316E-03,-12.562814E-03
+11.762500E-03,-12.562814E-03,-26.381909E-03
+11.765000E-03,-20.100502E-03,-40.201005E-03
+11.767500E-03,-20.100502E-03,-12.562814E-03
+11.770000E-03,-20.100502E-03,-20.100502E-03
+11.772500E-03,-20.100502E-03,-26.381909E-03
+11.775000E-03,-26.381909E-03,-6.281407E-03
+11.777500E-03,-40.201005E-03,-40.201005E-03
+11.780000E-03,+0.0E+00,-26.381909E-03
+11.782500E-03,-20.100502E-03,-20.100502E-03
+11.785000E-03,-26.381909E-03,-26.381909E-03
+11.787500E-03,+0.0E+00,-20.100502E-03
+11.790000E-03,-26.381909E-03,-6.281407E-03
+11.792500E-03,-40.201005E-03,+0.0E+00
+11.795000E-03,-26.381909E-03,-20.100502E-03
+11.797500E-03,-26.381909E-03,-32.663316E-03
+11.800000E-03,-46.482412E-03,-26.381909E-03
+11.802500E-03,-32.663316E-03,-20.100502E-03
+11.805000E-03,-26.381909E-03,-13.819095E-03
+11.807500E-03,-20.100502E-03,-32.663316E-03
+11.810000E-03,-40.201005E-03,-20.100502E-03
+11.812500E-03,-40.201005E-03,-32.663316E-03
+11.815000E-03,-32.663316E-03,-20.100502E-03
+11.817500E-03,-32.663316E-03,-6.281407E-03
+11.820000E-03,-40.201005E-03,-40.201005E-03
+11.822500E-03,-26.381909E-03,-26.381909E-03
+11.825000E-03,-12.562814E-03,-32.663316E-03
+11.827500E-03,-26.381909E-03,-20.100502E-03
+11.830000E-03,-26.381909E-03,-26.381909E-03
+11.832500E-03,-25.125628E-03,-12.562814E-03
+11.835000E-03,-26.381909E-03,-40.201005E-03
+11.837500E-03,-40.201005E-03,-20.100502E-03
+11.840000E-03,-20.100502E-03,-26.381909E-03
+11.842500E-03,-32.663316E-03,-6.281407E-03
+11.845000E-03,-32.663316E-03,-40.201005E-03
+11.847500E-03,-25.125628E-03,-20.100502E-03
+11.850000E-03,-46.482412E-03,-20.100502E-03
+11.852500E-03,-20.100502E-03,-20.100502E-03
+11.855000E-03,-20.100502E-03,-32.663316E-03
+11.857500E-03,-20.100502E-03,-26.381909E-03
+11.860000E-03,-20.100502E-03,-32.663316E-03
+11.862500E-03,-40.201005E-03,-26.381909E-03
+11.865000E-03,-26.381909E-03,-26.381909E-03
+11.867500E-03,-20.100502E-03,-12.562814E-03
+11.870000E-03,-40.201005E-03,-20.100502E-03
+11.872500E-03,-6.281407E-03,-32.663316E-03
+11.875000E-03,-20.100502E-03,-32.663316E-03
+11.877500E-03,-20.100502E-03,-12.562814E-03
+11.880000E-03,-26.381909E-03,-12.562814E-03
+11.882500E-03,-46.482412E-03,-20.100502E-03
+11.885000E-03,-32.663316E-03,-20.100502E-03
+11.887500E-03,-20.100502E-03,-26.381909E-03
+11.890000E-03,-26.381909E-03,-40.201005E-03
+11.892500E-03,-26.381909E-03,-20.100502E-03
+11.895000E-03,-52.763819E-03,-32.663316E-03
+11.897500E-03,-20.100502E-03,-20.100502E-03
+11.900000E-03,-26.381909E-03,-26.381909E-03
+11.902500E-03,-20.100502E-03,-20.100502E-03
+11.905000E-03,-20.100502E-03,-20.100502E-03
+11.907500E-03,-52.763819E-03,-40.201005E-03
+11.910000E-03,-12.562814E-03,-26.381909E-03
+11.912500E-03,-40.201005E-03,-20.100502E-03
+11.915000E-03,-26.381909E-03,-20.100502E-03
+11.917500E-03,-20.100502E-03,-20.100502E-03
+11.920000E-03,-40.201005E-03,-12.562814E-03
+11.922500E-03,-20.100502E-03,-40.201005E-03
+11.925000E-03,-26.381909E-03,-20.100502E-03
+11.927500E-03,-32.663316E-03,-20.100502E-03
+11.930000E-03,-20.100502E-03,-20.100502E-03
+11.932500E-03,-20.100502E-03,-26.381909E-03
+11.935000E-03,-26.381909E-03,-26.381909E-03
+11.937500E-03,-26.381909E-03,-20.100502E-03
+11.940000E-03,-46.482412E-03,-46.482412E-03
+11.942500E-03,-26.381909E-03,-20.100502E-03
+11.945000E-03,-20.100502E-03,-20.100502E-03
+11.947500E-03,-20.100502E-03,-26.381909E-03
+11.950000E-03,-20.100502E-03,-32.663316E-03
+11.952500E-03,-40.201005E-03,-32.663316E-03
+11.955000E-03,-20.100502E-03,-20.100502E-03
+11.957500E-03,-40.201005E-03,-26.381909E-03
+11.960000E-03,-32.663316E-03,-20.100502E-03
+11.962500E-03,-32.663316E-03,-26.381909E-03
+11.965000E-03,-40.201005E-03,-20.100502E-03
+11.967500E-03,-20.100502E-03,-26.381909E-03
+11.970000E-03,-26.381909E-03,-32.663316E-03
+11.972500E-03,-40.201005E-03,-20.100502E-03
+11.975000E-03,-33.919598E-03,-20.100502E-03
+11.977500E-03,-52.763819E-03,-40.201005E-03
+11.980000E-03,-32.663316E-03,-32.663316E-03
+11.982500E-03,-26.381909E-03,-20.100502E-03
+11.985000E-03,-20.100502E-03,-40.201005E-03
+11.987500E-03,-6.281407E-03,-26.381909E-03
+11.990000E-03,-13.819095E-03,-12.562814E-03
+11.992500E-03,-40.201005E-03,-20.100502E-03
+11.995000E-03,-26.381909E-03,-26.381909E-03
+11.997500E-03,-26.381909E-03,-20.100502E-03
+12.000000E-03,-40.201005E-03,-26.381909E-03
+12.002500E-03,-26.381909E-03,-20.100502E-03
+12.005000E-03,-20.100502E-03,-6.281407E-03
+12.007500E-03,-32.663316E-03,-6.281407E-03
+12.010000E-03,-40.201005E-03,-32.663316E-03
+12.012500E-03,-40.201005E-03,-25.125628E-03
+12.015000E-03,-20.100502E-03,-12.562814E-03
+12.017500E-03,-32.663316E-03,-20.100502E-03
+12.020000E-03,-20.100502E-03,-32.663316E-03
+12.022500E-03,-32.663316E-03,-20.100502E-03
+12.025000E-03,-32.663316E-03,-32.663316E-03
+12.027500E-03,-20.100502E-03,-20.100502E-03
+12.030000E-03,+0.0E+00,-20.100502E-03
+12.032500E-03,-20.100502E-03,-26.381909E-03
+12.035000E-03,-40.201005E-03,-26.381909E-03
+12.037500E-03,-20.100502E-03,-20.100502E-03
+12.040000E-03,-32.663316E-03,-12.562814E-03
+12.042500E-03,-40.201005E-03,-20.100502E-03
+12.045000E-03,-32.663316E-03,-12.562814E-03
+12.047500E-03,-40.201005E-03,-26.381909E-03
+12.050000E-03,-26.381909E-03,-26.381909E-03
+12.052500E-03,-40.201005E-03,-40.201005E-03
+12.055000E-03,-20.100502E-03,-6.281407E-03
+12.057500E-03,-12.562814E-03,-20.100502E-03
+12.060000E-03,-26.381909E-03,+0.0E+00
+12.062500E-03,-20.100502E-03,-20.100502E-03
+12.065000E-03,-40.201005E-03,-20.100502E-03
+12.067500E-03,-40.201005E-03,-6.281407E-03
+12.070000E-03,-26.381909E-03,-6.281407E-03
+12.072500E-03,-20.100502E-03,-20.100502E-03
+12.075000E-03,-26.381909E-03,-32.663316E-03
+12.077500E-03,-40.201005E-03,-26.381909E-03
+12.080000E-03,-25.125628E-03,-25.125628E-03
+12.082500E-03,-40.201005E-03,-20.100502E-03
+12.085000E-03,-32.663316E-03,-26.381909E-03
+12.087500E-03,-26.381909E-03,-20.100502E-03
+12.090000E-03,-46.482412E-03,-26.381909E-03
+12.092500E-03,-20.100502E-03,-32.663316E-03
+12.095000E-03,-6.281407E-03,-20.100502E-03
+12.097500E-03,-20.100502E-03,-20.100502E-03
+12.100000E-03,-20.100502E-03,-20.100502E-03
+12.102500E-03,-20.100502E-03,-26.381909E-03
+12.105000E-03,-46.482412E-03,-20.100502E-03
+12.107500E-03,-26.381909E-03,-20.100502E-03
+12.110000E-03,-20.100502E-03,-32.663316E-03
+12.112500E-03,-20.100502E-03,-32.663316E-03
+12.115000E-03,-20.100502E-03,-20.100502E-03
+12.117500E-03,-32.663316E-03,-33.919598E-03
+12.120000E-03,-40.201005E-03,-40.201005E-03
+12.122500E-03,-13.819095E-03,-40.201005E-03
+12.125000E-03,-40.201005E-03,-20.100502E-03
+12.127500E-03,-33.919598E-03,-20.100502E-03
+12.130000E-03,-20.100502E-03,+0.0E+00
+12.132500E-03,-40.201005E-03,-32.663316E-03
+12.135000E-03,-26.381909E-03,-26.381909E-03
+12.137500E-03,-20.100502E-03,-26.381909E-03
+12.140000E-03,-32.663316E-03,-13.819095E-03
+12.142500E-03,-32.663316E-03,-20.100502E-03
+12.145000E-03,-32.663316E-03,-32.663316E-03
+12.147500E-03,-40.201005E-03,-40.201005E-03
+12.150000E-03,-26.381909E-03,-20.100502E-03
+12.152500E-03,-13.819095E-03,-26.381909E-03
+12.155000E-03,-20.100502E-03,-32.663316E-03
+12.157500E-03,-46.482412E-03,-20.100502E-03
+12.160000E-03,-20.100502E-03,-20.100502E-03
+12.162500E-03,-32.663316E-03,-26.381909E-03
+12.165000E-03,-46.482412E-03,-32.663316E-03
+12.167500E-03,-20.100502E-03,-26.381909E-03
+12.170000E-03,-40.201005E-03,-20.100502E-03
+12.172500E-03,-32.663316E-03,-20.100502E-03
+12.175000E-03,-21.356784E-03,-26.381909E-03
+12.177500E-03,-20.100502E-03,-20.100502E-03
+12.180000E-03,-46.482412E-03,-32.663316E-03
+12.182500E-03,-20.100502E-03,-25.125628E-03
+12.185000E-03,-20.100502E-03,-32.663316E-03
+12.187500E-03,-20.100502E-03,-6.281407E-03
+12.190000E-03,-20.100502E-03,-20.100502E-03
+12.192500E-03,-20.100502E-03,-20.100502E-03
+12.195000E-03,-20.100502E-03,-40.201005E-03
+12.197500E-03,-25.125628E-03,-32.663316E-03
+12.200000E-03,-20.100502E-03,-12.562814E-03
+12.202500E-03,+0.0E+00,-40.201005E-03
+12.205000E-03,-6.281407E-03,-20.100502E-03
+12.207500E-03,-32.663316E-03,-20.100502E-03
+12.210000E-03,-52.763819E-03,-20.100502E-03
+12.212500E-03,-20.100502E-03,-6.281407E-03
+12.215000E-03,-20.100502E-03,+12.562814E-03
+12.217500E-03,-40.201005E-03,-40.201005E-03
+12.220000E-03,-26.381909E-03,-40.201005E-03
+12.222500E-03,-26.381909E-03,-40.201005E-03
+12.225000E-03,-25.125628E-03,-32.663316E-03
+12.227500E-03,-52.763819E-03,-40.201005E-03
+12.230000E-03,-26.381909E-03,-32.663316E-03
+12.232500E-03,-20.100502E-03,-20.100502E-03
+12.235000E-03,-20.100502E-03,-20.100502E-03
+12.237500E-03,-40.201005E-03,+0.0E+00
+12.240000E-03,-20.100502E-03,-20.100502E-03
+12.242500E-03,-20.100502E-03,-12.562814E-03
+12.245000E-03,-20.100502E-03,-20.100502E-03
+12.247500E-03,-40.201005E-03,-6.281407E-03
+12.250000E-03,-26.381909E-03,-40.201005E-03
+12.252500E-03,-20.100502E-03,-20.100502E-03
+12.255000E-03,-40.201005E-03,-20.100502E-03
+12.257500E-03,-40.201005E-03,-20.100502E-03
+12.260000E-03,-20.100502E-03,-20.100502E-03
+12.262500E-03,-20.100502E-03,-32.663316E-03
+12.265000E-03,-40.201005E-03,-6.281407E-03
+12.267500E-03,-20.100502E-03,-32.663316E-03
+12.270000E-03,-20.100502E-03,-40.201005E-03
+12.272500E-03,-32.663316E-03,-40.201005E-03
+12.275000E-03,-20.100502E-03,-20.100502E-03
+12.277500E-03,-32.663316E-03,-26.381909E-03
+12.280000E-03,-12.562814E-03,-20.100502E-03
+12.282500E-03,-40.201005E-03,-40.201005E-03
+12.285000E-03,-20.100502E-03,-20.100502E-03
+12.287500E-03,-45.226130E-03,-26.381909E-03
+12.290000E-03,-26.381909E-03,-12.562814E-03
+12.292500E-03,-20.100502E-03,-20.100502E-03
+12.295000E-03,-20.100502E-03,-40.201005E-03
+12.297500E-03,-32.663316E-03,-6.281407E-03
+12.300000E-03,-20.100502E-03,-26.381909E-03
+12.302500E-03,-40.201005E-03,-26.381909E-03
+12.305000E-03,-26.381909E-03,-12.562814E-03
+12.307500E-03,-32.663316E-03,-20.100502E-03
+12.310000E-03,-32.663316E-03,-40.201005E-03
+12.312500E-03,-40.201005E-03,-32.663316E-03
+12.315000E-03,-26.381909E-03,-40.201005E-03
+12.317500E-03,-26.381909E-03,-46.482412E-03
+12.320000E-03,-20.100502E-03,-32.663316E-03
+12.322500E-03,-20.100502E-03,-40.201005E-03
+12.325000E-03,-40.201005E-03,-6.281407E-03
+12.327500E-03,-40.201005E-03,-25.125628E-03
+12.330000E-03,-40.201005E-03,-6.281407E-03
+12.332500E-03,-26.381909E-03,-32.663316E-03
+12.335000E-03,-20.100502E-03,-32.663316E-03
+12.337500E-03,-13.819095E-03,-20.100502E-03
+12.340000E-03,-26.381909E-03,-26.381909E-03
+12.342500E-03,-40.201005E-03,-12.562814E-03
+12.345000E-03,-32.663316E-03,-20.100502E-03
+12.347500E-03,-40.201005E-03,-26.381909E-03
+12.350000E-03,-26.381909E-03,-20.100502E-03
+12.352500E-03,-40.201005E-03,-32.663316E-03
+12.355000E-03,-12.562814E-03,-20.100502E-03
+12.357500E-03,-40.201005E-03,-20.100502E-03
+12.360000E-03,-40.201005E-03,-26.381909E-03
+12.362500E-03,-40.201005E-03,-26.381909E-03
+12.365000E-03,-26.381909E-03,-40.201005E-03
+12.367500E-03,-32.663316E-03,-20.100502E-03
+12.370000E-03,-20.100502E-03,-20.100502E-03
+12.372500E-03,-26.381909E-03,-20.100502E-03
+12.375000E-03,-26.381909E-03,-40.201005E-03
+12.377500E-03,-46.482412E-03,-32.663316E-03
+12.380000E-03,-40.201005E-03,-20.100502E-03
+12.382500E-03,-40.201005E-03,-20.100502E-03
+12.385000E-03,-20.100502E-03,-46.482412E-03
+12.387500E-03,-40.201005E-03,-40.201005E-03
+12.390000E-03,-26.381909E-03,-40.201005E-03
+12.392500E-03,-40.201005E-03,-40.201005E-03
+12.395000E-03,-20.100502E-03,-20.100502E-03
+12.397500E-03,-25.125628E-03,-20.100502E-03
+12.400000E-03,-26.381909E-03,-40.201005E-03
+12.402500E-03,-40.201005E-03,+0.0E+00
+12.405000E-03,-20.100502E-03,-40.201005E-03
+12.407500E-03,-20.100502E-03,-26.381909E-03
+12.410000E-03,-40.201005E-03,-20.100502E-03
+12.412500E-03,-26.381909E-03,-20.100502E-03
+12.415000E-03,-20.100502E-03,-32.663316E-03
+12.417500E-03,-25.125628E-03,-26.381909E-03
+12.420000E-03,-6.281407E-03,-32.663316E-03
+12.422500E-03,-32.663316E-03,-26.381909E-03
+12.425000E-03,-20.100502E-03,-32.663316E-03
+12.427500E-03,-26.381909E-03,-20.100502E-03
+12.430000E-03,-40.201005E-03,-20.100502E-03
+12.432500E-03,-25.125628E-03,-20.100502E-03
+12.435000E-03,-32.663316E-03,-32.663316E-03
+12.437500E-03,-20.100502E-03,-6.281407E-03
+12.440000E-03,-26.381909E-03,-40.201005E-03
+12.442500E-03,-32.663316E-03,-40.201005E-03
+12.445000E-03,-46.482412E-03,-12.562814E-03
+12.447500E-03,-26.381909E-03,-40.201005E-03
+12.450000E-03,-40.201005E-03,-20.100502E-03
+12.452500E-03,-20.100502E-03,-40.201005E-03
+12.455000E-03,-40.201005E-03,-26.381909E-03
+12.457500E-03,-26.381909E-03,-26.381909E-03
+12.460000E-03,-32.663316E-03,-20.100502E-03
+12.462500E-03,-40.201005E-03,-20.100502E-03
+12.465000E-03,-40.201005E-03,-20.100502E-03
+12.467500E-03,-32.663316E-03,-32.663316E-03
+12.470000E-03,-40.201005E-03,-32.663316E-03
+12.472500E-03,-32.663316E-03,-40.201005E-03
+12.475000E-03,-32.663316E-03,-12.562814E-03
+12.477500E-03,-20.100502E-03,-40.201005E-03
+12.480000E-03,-20.100502E-03,-26.381909E-03
+12.482500E-03,-40.201005E-03,-20.100502E-03
+12.485000E-03,-40.201005E-03,-20.100502E-03
+12.487500E-03,-40.201005E-03,-20.100502E-03
+12.490000E-03,-26.381909E-03,-26.381909E-03
+12.492500E-03,-26.381909E-03,-20.100502E-03
+12.495000E-03,-40.201005E-03,-40.201005E-03
+12.497500E-03,-33.919598E-03,-26.381909E-03
+12.500000E-03,-40.201005E-03,-32.663316E-03
+12.502500E-03,-20.100502E-03,-26.381909E-03
+12.505000E-03,-32.663316E-03,-40.201005E-03
+12.507500E-03,-20.100502E-03,-26.381909E-03
+12.510000E-03,-25.125628E-03,-20.100502E-03
+12.512500E-03,-40.201005E-03,-20.100502E-03
+12.515000E-03,+0.0E+00,-26.381909E-03
+12.517500E-03,-40.201005E-03,-25.125628E-03
+12.520000E-03,-40.201005E-03,-20.100502E-03
+12.522500E-03,-32.663316E-03,-20.100502E-03
+12.525000E-03,-26.381909E-03,-26.381909E-03
+12.527500E-03,-13.819095E-03,-20.100502E-03
+12.530000E-03,-32.663316E-03,-32.663316E-03
+12.532500E-03,-26.381909E-03,-20.100502E-03
+12.535000E-03,-40.201005E-03,-40.201005E-03
+12.537500E-03,-26.381909E-03,-20.100502E-03
+12.540000E-03,-40.201005E-03,-26.381909E-03
+12.542500E-03,+0.0E+00,-26.381909E-03
+12.545000E-03,-26.381909E-03,-26.381909E-03
+12.547500E-03,-25.125628E-03,-20.100502E-03
+12.550000E-03,-32.663316E-03,-20.100502E-03
+12.552500E-03,-40.201005E-03,-20.100502E-03
+12.555000E-03,-40.201005E-03,-20.100502E-03
+12.557500E-03,-40.201005E-03,-40.201005E-03
+12.560000E-03,-40.201005E-03,-40.201005E-03
+12.562500E-03,-40.201005E-03,-40.201005E-03
+12.565000E-03,-40.201005E-03,-20.100502E-03
+12.567500E-03,-40.201005E-03,-6.281407E-03
+12.570000E-03,-20.100502E-03,-20.100502E-03
+12.572500E-03,-20.100502E-03,-32.663316E-03
+12.575000E-03,-40.201005E-03,-20.100502E-03
+12.577500E-03,-20.100502E-03,-40.201005E-03
+12.580000E-03,-40.201005E-03,-40.201005E-03
+12.582500E-03,-26.381909E-03,-40.201005E-03
+12.585000E-03,-20.100502E-03,-20.100502E-03
+12.587500E-03,-32.663316E-03,-20.100502E-03
+12.590000E-03,-26.381909E-03,-20.100502E-03
+12.592500E-03,-32.663316E-03,-32.663316E-03
+12.595000E-03,-32.663316E-03,-20.100502E-03
+12.597500E-03,-32.663316E-03,-20.100502E-03
+12.600000E-03,-40.201005E-03,-40.201005E-03
+12.602500E-03,-26.381909E-03,-20.100502E-03
+12.605000E-03,-26.381909E-03,-26.381909E-03
+12.607500E-03,-13.819095E-03,-12.562814E-03
+12.610000E-03,-32.663316E-03,-20.100502E-03
+12.612500E-03,-12.562814E-03,-40.201005E-03
+12.615000E-03,-32.663316E-03,-20.100502E-03
+12.617500E-03,-40.201005E-03,-33.919598E-03
+12.620000E-03,-40.201005E-03,-20.100502E-03
+12.622500E-03,-20.100502E-03,-32.663316E-03
+12.625000E-03,-26.381909E-03,-20.100502E-03
+12.627500E-03,-40.201005E-03,-20.100502E-03
+12.630000E-03,-40.201005E-03,-26.381909E-03
+12.632500E-03,-26.381909E-03,-40.201005E-03
+12.635000E-03,-20.100502E-03,-20.100502E-03
+12.637500E-03,-40.201005E-03,-32.663316E-03
+12.640000E-03,-32.663316E-03,-40.201005E-03
+12.642500E-03,-20.100502E-03,-40.201005E-03
+12.645000E-03,-40.201005E-03,-26.381909E-03
+12.647500E-03,-40.201005E-03,-20.100502E-03
+12.650000E-03,-40.201005E-03,-26.381909E-03
+12.652500E-03,-20.100502E-03,-25.125628E-03
+12.655000E-03,-54.020100E-03,-20.100502E-03
+12.657500E-03,-52.763819E-03,-26.381909E-03
+12.660000E-03,-52.763819E-03,-20.100502E-03
+12.662500E-03,-40.201005E-03,-32.663316E-03
+12.665000E-03,-40.201005E-03,-20.100502E-03
+12.667500E-03,-32.663316E-03,-32.663316E-03
+12.670000E-03,-6.281407E-03,-40.201005E-03
+12.672500E-03,-20.100502E-03,-12.562814E-03
+12.675000E-03,-32.663316E-03,-26.381909E-03
+12.677500E-03,-46.482412E-03,-40.201005E-03
+12.680000E-03,-20.100502E-03,-32.663316E-03
+12.682500E-03,-32.663316E-03,-20.100502E-03
+12.685000E-03,-40.201005E-03,-26.381909E-03
+12.687500E-03,-20.100502E-03,-26.381909E-03
+12.690000E-03,-32.663316E-03,-40.201005E-03
+12.692500E-03,-20.100502E-03,-20.100502E-03
+12.695000E-03,-40.201005E-03,-32.663316E-03
+12.697500E-03,+0.0E+00,-20.100502E-03
+12.700000E-03,-40.201005E-03,-32.663316E-03
+12.702500E-03,-40.201005E-03,-20.100502E-03
+12.705000E-03,-40.201005E-03,-32.663316E-03
+12.707500E-03,-20.100502E-03,-20.100502E-03
+12.710000E-03,-32.663316E-03,-20.100502E-03
+12.712500E-03,-20.100502E-03,-40.201005E-03
+12.715000E-03,-32.663316E-03,-20.100502E-03
+12.717500E-03,-20.100502E-03,-32.663316E-03
+12.720000E-03,-26.381909E-03,-32.663316E-03
+12.722500E-03,-40.201005E-03,-32.663316E-03
+12.725000E-03,-40.201005E-03,-20.100502E-03
+12.727500E-03,-20.100502E-03,-26.381909E-03
+12.730000E-03,-26.381909E-03,-20.100502E-03
+12.732500E-03,-6.281407E-03,-32.663316E-03
+12.735000E-03,-46.482412E-03,-32.663316E-03
+12.737500E-03,-6.281407E-03,-20.100502E-03
+12.740000E-03,-40.201005E-03,-32.663316E-03
+12.742500E-03,+0.0E+00,-26.381909E-03
+12.745000E-03,-40.201005E-03,-32.663316E-03
+12.747500E-03,-32.663316E-03,-32.663316E-03
+12.750000E-03,-20.100502E-03,-40.201005E-03
+12.752500E-03,-12.562814E-03,-12.562814E-03
+12.755000E-03,-20.100502E-03,-26.381909E-03
+12.757500E-03,-26.381909E-03,-32.663316E-03
+12.760000E-03,-20.100502E-03,-20.100502E-03
+12.762500E-03,-20.100502E-03,-20.100502E-03
+12.765000E-03,-26.381909E-03,-12.562814E-03
+12.767500E-03,-26.381909E-03,-20.100502E-03
+12.770000E-03,-26.381909E-03,-20.100502E-03
+12.772500E-03,-40.201005E-03,-20.100502E-03
+12.775000E-03,-20.100502E-03,-20.100502E-03
+12.777500E-03,-26.381909E-03,-20.100502E-03
+12.780000E-03,-40.201005E-03,-40.201005E-03
+12.782500E-03,-32.663316E-03,-40.201005E-03
+12.785000E-03,-20.100502E-03,-32.663316E-03
+12.787500E-03,-40.201005E-03,-12.562814E-03
+12.790000E-03,-40.201005E-03,-20.100502E-03
+12.792500E-03,-40.201005E-03,-26.381909E-03
+12.795000E-03,-20.100502E-03,-12.562814E-03
+12.797500E-03,-40.201005E-03,-20.100502E-03
+12.800000E-03,-26.381909E-03,-46.482412E-03
+12.802500E-03,-6.281407E-03,-32.663316E-03
+12.805000E-03,-32.663316E-03,-6.281407E-03
+12.807500E-03,-26.381909E-03,-26.381909E-03
+12.810000E-03,-40.201005E-03,-13.819095E-03
+12.812500E-03,-32.663316E-03,-20.100502E-03
+12.815000E-03,-26.381909E-03,-40.201005E-03
+12.817500E-03,-26.381909E-03,-20.100502E-03
+12.820000E-03,-40.201005E-03,-20.100502E-03
+12.822500E-03,-20.100502E-03,-6.281407E-03
+12.825000E-03,-52.763819E-03,-26.381909E-03
+12.827500E-03,-20.100502E-03,-20.100502E-03
+12.830000E-03,-12.562814E-03,-32.663316E-03
+12.832500E-03,-20.100502E-03,-20.100502E-03
+12.835000E-03,-32.663316E-03,-20.100502E-03
+12.837500E-03,-32.663316E-03,-20.100502E-03
+12.840000E-03,-32.663316E-03,-40.201005E-03
+12.842500E-03,-20.100502E-03,-32.663316E-03
+12.845000E-03,-26.381909E-03,-20.100502E-03
+12.847500E-03,-40.201005E-03,-6.281407E-03
+12.850000E-03,-40.201005E-03,-20.100502E-03
+12.852500E-03,-32.663316E-03,-20.100502E-03
+12.855000E-03,-32.663316E-03,-20.100502E-03
+12.857500E-03,-40.201005E-03,-32.663316E-03
+12.860000E-03,-26.381909E-03,-40.201005E-03
+12.862500E-03,-40.201005E-03,-20.100502E-03
+12.865000E-03,-32.663316E-03,-20.100502E-03
+12.867500E-03,-40.201005E-03,-20.100502E-03
+12.870000E-03,-12.562814E-03,-32.663316E-03
+12.872500E-03,-20.100502E-03,-26.381909E-03
+12.875000E-03,-20.100502E-03,-26.381909E-03
+12.877500E-03,-52.763819E-03,-20.100502E-03
+12.880000E-03,-26.381909E-03,-26.381909E-03
+12.882500E-03,-20.100502E-03,-20.100502E-03
+12.885000E-03,-20.100502E-03,-20.100502E-03
+12.887500E-03,-32.663316E-03,-20.100502E-03
+12.890000E-03,-26.381909E-03,-26.381909E-03
+12.892500E-03,-20.100502E-03,-20.100502E-03
+12.895000E-03,-20.100502E-03,-20.100502E-03
+12.897500E-03,-26.381909E-03,-40.201005E-03
+12.900000E-03,-40.201005E-03,-26.381909E-03
+12.902500E-03,-40.201005E-03,-20.100502E-03
+12.905000E-03,-32.663316E-03,-6.281407E-03
+12.907500E-03,-40.201005E-03,-26.381909E-03
+12.910000E-03,-32.663316E-03,-40.201005E-03
+12.912500E-03,-52.763819E-03,-40.201005E-03
+12.915000E-03,-20.100502E-03,-40.201005E-03
+12.917500E-03,-12.562814E-03,-26.381909E-03
+12.920000E-03,-26.381909E-03,-26.381909E-03
+12.922500E-03,-26.381909E-03,-40.201005E-03
+12.925000E-03,-32.663316E-03,-32.663316E-03
+12.927500E-03,-32.663316E-03,-20.100502E-03
+12.930000E-03,-26.381909E-03,-26.381909E-03
+12.932500E-03,-20.100502E-03,-20.100502E-03
+12.935000E-03,-20.100502E-03,-45.226130E-03
+12.937500E-03,-20.100502E-03,-20.100502E-03
+12.940000E-03,-26.381909E-03,-20.100502E-03
+12.942500E-03,-20.100502E-03,-26.381909E-03
+12.945000E-03,-32.663316E-03,-20.100502E-03
+12.947500E-03,-40.201005E-03,-32.663316E-03
+12.950000E-03,-20.100502E-03,-32.663316E-03
+12.952500E-03,-26.381909E-03,-20.100502E-03
+12.955000E-03,-45.226130E-03,-20.100502E-03
+12.957500E-03,-40.201005E-03,-40.201005E-03
+12.960000E-03,-20.100502E-03,-20.100502E-03
+12.962500E-03,-32.663316E-03,-26.381909E-03
+12.965000E-03,-40.201005E-03,-32.663316E-03
+12.967500E-03,-52.763819E-03,-32.663316E-03
+12.970000E-03,-20.100502E-03,-20.100502E-03
+12.972500E-03,-32.663316E-03,-20.100502E-03
+12.975000E-03,-32.663316E-03,-20.100502E-03
+12.977500E-03,-6.281407E-03,-12.562814E-03
+12.980000E-03,-32.663316E-03,-40.201005E-03
+12.982500E-03,-32.663316E-03,-32.663316E-03
+12.985000E-03,-20.100502E-03,-20.100502E-03
+12.987500E-03,-26.381909E-03,-20.100502E-03
+12.990000E-03,-32.663316E-03,-20.100502E-03
+12.992500E-03,-32.663316E-03,-20.100502E-03
+12.995000E-03,-40.201005E-03,-32.663316E-03
+12.997500E-03,-32.663316E-03,-40.201005E-03
+13.000000E-03,-26.381909E-03,-20.100502E-03
+13.002500E-03,-40.201005E-03,-32.663316E-03
+13.005000E-03,-26.381909E-03,-32.663316E-03
+13.007500E-03,-40.201005E-03,-6.281407E-03
+13.010000E-03,-33.919598E-03,-32.663316E-03
+13.012500E-03,-40.201005E-03,-20.100502E-03
+13.015000E-03,-26.381909E-03,-20.100502E-03
+13.017500E-03,-26.381909E-03,-40.201005E-03
+13.020000E-03,-46.482412E-03,-33.919598E-03
+13.022500E-03,-32.663316E-03,-20.100502E-03
+13.025000E-03,-26.381909E-03,-26.381909E-03
+13.027500E-03,-32.663316E-03,-26.381909E-03
+13.030000E-03,-32.663316E-03,-26.381909E-03
+13.032500E-03,-32.663316E-03,-20.100502E-03
+13.035000E-03,-12.562814E-03,-20.100502E-03
+13.037500E-03,-20.100502E-03,-20.100502E-03
+13.040000E-03,-46.482412E-03,-32.663316E-03
+13.042500E-03,-20.100502E-03,-40.201005E-03
+13.045000E-03,-32.663316E-03,-32.663316E-03
+13.047500E-03,-40.201005E-03,-40.201005E-03
+13.050000E-03,-26.381909E-03,-32.663316E-03
+13.052500E-03,-20.100502E-03,-20.100502E-03
+13.055000E-03,-32.663316E-03,-6.281407E-03
+13.057500E-03,+0.0E+00,-32.663316E-03
+13.060000E-03,-20.100502E-03,-6.281407E-03
+13.062500E-03,-40.201005E-03,-40.201005E-03
+13.065000E-03,-46.482412E-03,-40.201005E-03
+13.067500E-03,-40.201005E-03,-32.663316E-03
+13.070000E-03,+0.0E+00,-12.562814E-03
+13.072500E-03,-20.100502E-03,-26.381909E-03
+13.075000E-03,-46.482412E-03,-25.125628E-03
+13.077500E-03,-32.663316E-03,-40.201005E-03
+13.080000E-03,-32.663316E-03,-46.482412E-03
+13.082500E-03,-20.100502E-03,-26.381909E-03
+13.085000E-03,-40.201005E-03,-6.281407E-03
+13.087500E-03,-32.663316E-03,-26.381909E-03
+13.090000E-03,-20.100502E-03,-32.663316E-03
+13.092500E-03,-32.663316E-03,-32.663316E-03
+13.095000E-03,-20.100502E-03,-40.201005E-03
+13.097500E-03,-40.201005E-03,-20.100502E-03
+13.100000E-03,-33.919598E-03,-12.562814E-03
+13.102500E-03,-20.100502E-03,-40.201005E-03
+13.105000E-03,-32.663316E-03,-26.381909E-03
+13.107500E-03,-13.819095E-03,-40.201005E-03
+13.110000E-03,-20.100502E-03,-26.381909E-03
+13.112500E-03,-32.663316E-03,-40.201005E-03
+13.115000E-03,-40.201005E-03,-20.100502E-03
+13.117500E-03,-46.482412E-03,-40.201005E-03
+13.120000E-03,-20.100502E-03,-20.100502E-03
+13.122500E-03,-26.381909E-03,-20.100502E-03
+13.125000E-03,-32.663316E-03,-20.100502E-03
+13.127500E-03,-32.663316E-03,-20.100502E-03
+13.130000E-03,-20.100502E-03,-26.381909E-03
+13.132500E-03,-26.381909E-03,-26.381909E-03
+13.135000E-03,-20.100502E-03,-6.281407E-03
+13.137500E-03,-32.663316E-03,-12.562814E-03
+13.140000E-03,-40.201005E-03,-20.100502E-03
+13.142500E-03,-26.381909E-03,-32.663316E-03
+13.145000E-03,-32.663316E-03,-26.381909E-03
+13.147500E-03,-20.100502E-03,-20.100502E-03
+13.150000E-03,-21.356784E-03,-20.100502E-03
+13.152500E-03,-20.100502E-03,-20.100502E-03
+13.155000E-03,-40.201005E-03,-26.381909E-03
+13.157500E-03,-26.381909E-03,+0.0E+00
+13.160000E-03,-26.381909E-03,-26.381909E-03
+13.162500E-03,-20.100502E-03,-13.819095E-03
+13.165000E-03,-20.100502E-03,-20.100502E-03
+13.167500E-03,-40.201005E-03,-26.381909E-03
+13.170000E-03,-20.100502E-03,-6.281407E-03
+13.172500E-03,-40.201005E-03,-32.663316E-03
+13.175000E-03,-26.381909E-03,-32.663316E-03
+13.177500E-03,-32.663316E-03,-40.201005E-03
+13.180000E-03,-26.381909E-03,-20.100502E-03
+13.182500E-03,-32.663316E-03,-20.100502E-03
+13.185000E-03,-46.482412E-03,-20.100502E-03
+13.187500E-03,-32.663316E-03,-26.381909E-03
+13.190000E-03,-20.100502E-03,-12.562814E-03
+13.192500E-03,-32.663316E-03,-32.663316E-03
+13.195000E-03,-32.663316E-03,-26.381909E-03
+13.197500E-03,-32.663316E-03,-20.100502E-03
+13.200000E-03,-32.663316E-03,-40.201005E-03
+13.202500E-03,-40.201005E-03,-20.100502E-03
+13.205000E-03,-20.100502E-03,-26.381909E-03
+13.207500E-03,-32.663316E-03,-26.381909E-03
+13.210000E-03,-46.482412E-03,-32.663316E-03
+13.212500E-03,-40.201005E-03,-40.201005E-03
+13.215000E-03,-40.201005E-03,-20.100502E-03
+13.217500E-03,-32.663316E-03,-12.562814E-03
+13.220000E-03,-40.201005E-03,-20.100502E-03
+13.222500E-03,-46.482412E-03,-40.201005E-03
+13.225000E-03,-45.226130E-03,-20.100502E-03
+13.227500E-03,-52.763819E-03,-20.100502E-03
+13.230000E-03,-32.663316E-03,-20.100502E-03
+13.232500E-03,-40.201005E-03,-6.281407E-03
+13.235000E-03,-40.201005E-03,-26.381909E-03
+13.237500E-03,-40.201005E-03,-25.125628E-03
+13.240000E-03,-26.381909E-03,+0.0E+00
+13.242500E-03,-46.482412E-03,-40.201005E-03
+13.245000E-03,-20.100502E-03,-25.125628E-03
+13.247500E-03,-40.201005E-03,-32.663316E-03
+13.250000E-03,-20.100502E-03,-26.381909E-03
+13.252500E-03,-26.381909E-03,-20.100502E-03
+13.255000E-03,-32.663316E-03,-12.562814E-03
+13.257500E-03,-52.763819E-03,-12.562814E-03
+13.260000E-03,-32.663316E-03,-20.100502E-03
+13.262500E-03,-40.201005E-03,-26.381909E-03
+13.265000E-03,-52.763819E-03,-26.381909E-03
+13.267500E-03,-20.100502E-03,-26.381909E-03
+13.270000E-03,-40.201005E-03,-20.100502E-03
+13.272500E-03,-45.226130E-03,-32.663316E-03
+13.275000E-03,-26.381909E-03,-20.100502E-03
+13.277500E-03,-26.381909E-03,-6.281407E-03
+13.280000E-03,-32.663316E-03,-40.201005E-03
+13.282500E-03,-20.100502E-03,-20.100502E-03
+13.285000E-03,-40.201005E-03,-12.562814E-03
+13.287500E-03,-32.663316E-03,-26.381909E-03
+13.290000E-03,-26.381909E-03,-26.381909E-03
+13.292500E-03,-20.100502E-03,-12.562814E-03
+13.295000E-03,-40.201005E-03,-20.100502E-03
+13.297500E-03,-32.663316E-03,-20.100502E-03
+13.300000E-03,-33.919598E-03,-20.100502E-03
+13.302500E-03,-13.819095E-03,-26.381909E-03
+13.305000E-03,-32.663316E-03,-40.201005E-03
+13.307500E-03,-26.381909E-03,-20.100502E-03
+13.310000E-03,-26.381909E-03,-20.100502E-03
+13.312500E-03,-26.381909E-03,-20.100502E-03
+13.315000E-03,-32.663316E-03,-20.100502E-03
+13.317500E-03,-26.381909E-03,-20.100502E-03
+13.320000E-03,-26.381909E-03,-20.100502E-03
+13.322500E-03,-26.381909E-03,-26.381909E-03
+13.325000E-03,-20.100502E-03,+0.0E+00
+13.327500E-03,-13.819095E-03,-20.100502E-03
+13.330000E-03,-20.100502E-03,-40.201005E-03
+13.332500E-03,-40.201005E-03,-20.100502E-03
+13.335000E-03,-20.100502E-03,-32.663316E-03
+13.337500E-03,-20.100502E-03,-32.663316E-03
+13.340000E-03,-20.100502E-03,-20.100502E-03
+13.342500E-03,-20.100502E-03,-12.562814E-03
+13.345000E-03,-32.663316E-03,-26.381909E-03
+13.347500E-03,-20.100502E-03,-26.381909E-03
+13.350000E-03,-20.100502E-03,-20.100502E-03
+13.352500E-03,-33.919598E-03,-20.100502E-03
+13.355000E-03,-26.381909E-03,-20.100502E-03
+13.357500E-03,-32.663316E-03,-26.381909E-03
+13.360000E-03,-20.100502E-03,-26.381909E-03
+13.362500E-03,-40.201005E-03,-20.100502E-03
+13.365000E-03,-6.281407E-03,-20.100502E-03
+13.367500E-03,-20.100502E-03,-20.100502E-03
+13.370000E-03,-40.201005E-03,-20.100502E-03
+13.372500E-03,-20.100502E-03,-20.100502E-03
+13.375000E-03,-52.763819E-03,-20.100502E-03
+13.377500E-03,-20.100502E-03,-12.562814E-03
+13.380000E-03,-20.100502E-03,-32.663316E-03
+13.382500E-03,-26.381909E-03,-32.663316E-03
+13.385000E-03,-32.663316E-03,-20.100502E-03
+13.387500E-03,-40.201005E-03,-20.100502E-03
+13.390000E-03,-26.381909E-03,-20.100502E-03
+13.392500E-03,-26.381909E-03,-20.100502E-03
+13.395000E-03,-32.663316E-03,-12.562814E-03
+13.397500E-03,-40.201005E-03,-12.562814E-03
+13.400000E-03,-46.482412E-03,-20.100502E-03
+13.402500E-03,-40.201005E-03,-20.100502E-03
+13.405000E-03,-20.100502E-03,-20.100502E-03
+13.407500E-03,-20.100502E-03,-20.100502E-03
+13.410000E-03,-40.201005E-03,-40.201005E-03
+13.412500E-03,-20.100502E-03,-40.201005E-03
+13.415000E-03,-20.100502E-03,-40.201005E-03
+13.417500E-03,-20.100502E-03,-20.100502E-03
+13.420000E-03,-32.663316E-03,-20.100502E-03
+13.422500E-03,-40.201005E-03,-40.201005E-03
+13.425000E-03,-26.381909E-03,-26.381909E-03
+13.427500E-03,-40.201005E-03,-20.100502E-03
+13.430000E-03,-32.663316E-03,-6.281407E-03
+13.432500E-03,-20.100502E-03,-26.381909E-03
+13.435000E-03,-26.381909E-03,-20.100502E-03
+13.437500E-03,-20.100502E-03,-12.562814E-03
+13.440000E-03,-40.201005E-03,-40.201005E-03
+13.442500E-03,-40.201005E-03,-32.663316E-03
+13.445000E-03,-40.201005E-03,-32.663316E-03
+13.447500E-03,-6.281407E-03,-20.100502E-03
+13.450000E-03,-40.201005E-03,-32.663316E-03
+13.452500E-03,-26.381909E-03,-26.381909E-03
+13.455000E-03,-40.201005E-03,-26.381909E-03
+13.457500E-03,-26.381909E-03,-20.100502E-03
+13.460000E-03,-32.663316E-03,-40.201005E-03
+13.462500E-03,-20.100502E-03,-40.201005E-03
+13.465000E-03,-32.663316E-03,-20.100502E-03
+13.467500E-03,-32.663316E-03,-20.100502E-03
+13.470000E-03,-26.381909E-03,-20.100502E-03
+13.472500E-03,-20.100502E-03,-40.201005E-03
+13.475000E-03,-26.381909E-03,-26.381909E-03
+13.477500E-03,-20.100502E-03,-20.100502E-03
+13.480000E-03,-32.663316E-03,-32.663316E-03
+13.482500E-03,-26.381909E-03,-20.100502E-03
+13.485000E-03,-20.100502E-03,-26.381909E-03
+13.487500E-03,-40.201005E-03,-20.100502E-03
+13.490000E-03,-20.100502E-03,-40.201005E-03
+13.492500E-03,-40.201005E-03,-20.100502E-03
+13.495000E-03,-40.201005E-03,-12.562814E-03
+13.497500E-03,-32.663316E-03,-20.100502E-03
+13.500000E-03,-26.381909E-03,-26.381909E-03
+13.502500E-03,-26.381909E-03,-20.100502E-03
+13.505000E-03,-32.663316E-03,-26.381909E-03
+13.507500E-03,-25.125628E-03,-20.100502E-03
+13.510000E-03,-26.381909E-03,-6.281407E-03
+13.512500E-03,-20.100502E-03,-40.201005E-03
+13.515000E-03,-26.381909E-03,-40.201005E-03
+13.517500E-03,-6.281407E-03,-26.381909E-03
+13.520000E-03,-20.100502E-03,-32.663316E-03
+13.522500E-03,-20.100502E-03,-20.100502E-03
+13.525000E-03,-40.201005E-03,+0.0E+00
+13.527500E-03,-46.482412E-03,-20.100502E-03
+13.530000E-03,-40.201005E-03,-52.763819E-03
+13.532500E-03,-20.100502E-03,-32.663316E-03
+13.535000E-03,-46.482412E-03,-6.281407E-03
+13.537500E-03,-40.201005E-03,-20.100502E-03
+13.540000E-03,-40.201005E-03,-32.663316E-03
+13.542500E-03,-32.663316E-03,-40.201005E-03
+13.545000E-03,-26.381909E-03,-6.281407E-03
+13.547500E-03,-52.763819E-03,-26.381909E-03
+13.550000E-03,-40.201005E-03,-26.381909E-03
+13.552500E-03,-46.482412E-03,-32.663316E-03
+13.555000E-03,-32.663316E-03,-20.100502E-03
+13.557500E-03,-20.100502E-03,-20.100502E-03
+13.560000E-03,-26.381909E-03,-20.100502E-03
+13.562500E-03,-52.763819E-03,-40.201005E-03
+13.565000E-03,-6.281407E-03,-32.663316E-03
+13.567500E-03,-26.381909E-03,-32.663316E-03
+13.570000E-03,-20.100502E-03,-26.381909E-03
+13.572500E-03,-13.819095E-03,-26.381909E-03
+13.575000E-03,-40.201005E-03,-32.663316E-03
+13.577500E-03,-20.100502E-03,-20.100502E-03
+13.580000E-03,-20.100502E-03,-12.562814E-03
+13.582500E-03,-26.381909E-03,-12.562814E-03
+13.585000E-03,-32.663316E-03,-12.562814E-03
+13.587500E-03,-26.381909E-03,-26.381909E-03
+13.590000E-03,-40.201005E-03,-20.100502E-03
+13.592500E-03,-40.201005E-03,-40.201005E-03
+13.595000E-03,-20.100502E-03,-32.663316E-03
+13.597500E-03,-40.201005E-03,-40.201005E-03
+13.600000E-03,-32.663316E-03,-26.381909E-03
+13.602500E-03,-12.562814E-03,-26.381909E-03
+13.605000E-03,-46.482412E-03,-20.100502E-03
+13.607500E-03,-32.663316E-03,-20.100502E-03
+13.610000E-03,-40.201005E-03,-26.381909E-03
+13.612500E-03,-40.201005E-03,-32.663316E-03
+13.615000E-03,-26.381909E-03,-26.381909E-03
+13.617500E-03,-40.201005E-03,-45.226130E-03
+13.620000E-03,-40.201005E-03,-20.100502E-03
+13.622500E-03,-26.381909E-03,-20.100502E-03
+13.625000E-03,-40.201005E-03,-20.100502E-03
+13.627500E-03,-26.381909E-03,-12.562814E-03
+13.630000E-03,-12.562814E-03,-40.201005E-03
+13.632500E-03,-20.100502E-03,-40.201005E-03
+13.635000E-03,-26.381909E-03,-26.381909E-03
+13.637500E-03,-6.281407E-03,-40.201005E-03
+13.640000E-03,-40.201005E-03,-20.100502E-03
+13.642500E-03,-26.381909E-03,-26.381909E-03
+13.645000E-03,-32.663316E-03,-20.100502E-03
+13.647500E-03,-6.281407E-03,-20.100502E-03
+13.650000E-03,-32.663316E-03,-40.201005E-03
+13.652500E-03,-26.381909E-03,-20.100502E-03
+13.655000E-03,-40.201005E-03,-32.663316E-03
+13.657500E-03,-26.381909E-03,-32.663316E-03
+13.660000E-03,-32.663316E-03,-20.100502E-03
+13.662500E-03,-6.281407E-03,-26.381909E-03
+13.665000E-03,-40.201005E-03,-26.381909E-03
+13.667500E-03,-33.919598E-03,-26.381909E-03
+13.670000E-03,-32.663316E-03,-45.226130E-03
+13.672500E-03,-20.100502E-03,-26.381909E-03
+13.675000E-03,-21.356784E-03,-20.100502E-03
+13.677500E-03,-20.100502E-03,-20.100502E-03
+13.680000E-03,-32.663316E-03,+0.0E+00
+13.682500E-03,-52.763819E-03,-20.100502E-03
+13.685000E-03,-32.663316E-03,-20.100502E-03
+13.687500E-03,-40.201005E-03,-32.663316E-03
+13.690000E-03,-40.201005E-03,-32.663316E-03
+13.692500E-03,-26.381909E-03,-20.100502E-03
+13.695000E-03,-26.381909E-03,-32.663316E-03
+13.697500E-03,-32.663316E-03,-20.100502E-03
+13.700000E-03,-40.201005E-03,-12.562814E-03
+13.702500E-03,-52.763819E-03,-52.763819E-03
+13.705000E-03,-26.381909E-03,-32.663316E-03
+13.707500E-03,-13.819095E-03,-25.125628E-03
+13.710000E-03,-26.381909E-03,+0.0E+00
+13.712500E-03,-40.201005E-03,+0.0E+00
+13.715000E-03,-20.100502E-03,-20.100502E-03
+13.717500E-03,-20.100502E-03,-20.100502E-03
+13.720000E-03,-20.100502E-03,-32.663316E-03
+13.722500E-03,-40.201005E-03,-26.381909E-03
+13.725000E-03,-26.381909E-03,-32.663316E-03
+13.727500E-03,-32.663316E-03,-32.663316E-03
+13.730000E-03,-32.663316E-03,-26.381909E-03
+13.732500E-03,-12.562814E-03,-52.763819E-03
+13.735000E-03,-25.125628E-03,-32.663316E-03
+13.737500E-03,-40.201005E-03,-20.100502E-03
+13.740000E-03,-20.100502E-03,-20.100502E-03
+13.742500E-03,-26.381909E-03,-26.381909E-03
+13.745000E-03,-20.100502E-03,-32.663316E-03
+13.747500E-03,-20.100502E-03,-20.100502E-03
+13.750000E-03,-20.100502E-03,-20.100502E-03
+13.752500E-03,-32.663316E-03,-20.100502E-03
+13.755000E-03,-20.100502E-03,-20.100502E-03
+13.757500E-03,-26.381909E-03,-25.125628E-03
+13.760000E-03,-32.663316E-03,-20.100502E-03
+13.762500E-03,-20.100502E-03,-20.100502E-03
+13.765000E-03,-20.100502E-03,-20.100502E-03
+13.767500E-03,-40.201005E-03,-40.201005E-03
+13.770000E-03,-32.663316E-03,-52.763819E-03
+13.772500E-03,-20.100502E-03,-12.562814E-03
+13.775000E-03,-26.381909E-03,-13.819095E-03
+13.777500E-03,-6.281407E-03,-20.100502E-03
+13.780000E-03,-26.381909E-03,-26.381909E-03
+13.782500E-03,-32.663316E-03,-20.100502E-03
+13.785000E-03,-20.100502E-03,-6.281407E-03
+13.787500E-03,-40.201005E-03,-20.100502E-03
+13.790000E-03,-52.763819E-03,-26.381909E-03
+13.792500E-03,-20.100502E-03,-6.281407E-03
+13.795000E-03,-20.100502E-03,-32.663316E-03
+13.797500E-03,-26.381909E-03,-20.100502E-03
+13.800000E-03,-46.482412E-03,-40.201005E-03
+13.802500E-03,-45.226130E-03,-12.562814E-03
+13.805000E-03,-32.663316E-03,-6.281407E-03
+13.807500E-03,-20.100502E-03,-20.100502E-03
+13.810000E-03,-26.381909E-03,-32.663316E-03
+13.812500E-03,-20.100502E-03,-32.663316E-03
+13.815000E-03,-26.381909E-03,-20.100502E-03
+13.817500E-03,-40.201005E-03,-20.100502E-03
+13.820000E-03,-40.201005E-03,-20.100502E-03
+13.822500E-03,-40.201005E-03,-40.201005E-03
+13.825000E-03,-40.201005E-03,-40.201005E-03
+13.827500E-03,-26.381909E-03,-20.100502E-03
+13.830000E-03,-32.663316E-03,-26.381909E-03
+13.832500E-03,-26.381909E-03,-40.201005E-03
+13.835000E-03,-20.100502E-03,-20.100502E-03
+13.837500E-03,-40.201005E-03,-20.100502E-03
+13.840000E-03,-20.100502E-03,-26.381909E-03
+13.842500E-03,-32.663316E-03,-20.100502E-03
+13.845000E-03,-20.100502E-03,-20.100502E-03
+13.847500E-03,-26.381909E-03,-26.381909E-03
+13.850000E-03,-6.281407E-03,-26.381909E-03
+13.852500E-03,-40.201005E-03,-20.100502E-03
+13.855000E-03,-40.201005E-03,-20.100502E-03
+13.857500E-03,-40.201005E-03,-26.381909E-03
+13.860000E-03,-46.482412E-03,-26.381909E-03
+13.862500E-03,-40.201005E-03,-26.381909E-03
+13.865000E-03,-26.381909E-03,-32.663316E-03
+13.867500E-03,-40.201005E-03,-26.381909E-03
+13.870000E-03,-40.201005E-03,-32.663316E-03
+13.872500E-03,-26.381909E-03,-20.100502E-03
+13.875000E-03,-20.100502E-03,-26.381909E-03
+13.877500E-03,-20.100502E-03,-12.562814E-03
+13.880000E-03,-40.201005E-03,-12.562814E-03
+13.882500E-03,-26.381909E-03,-26.381909E-03
+13.885000E-03,-32.663316E-03,-20.100502E-03
+13.887500E-03,-20.100502E-03,-40.201005E-03
+13.890000E-03,-20.100502E-03,-26.381909E-03
+13.892500E-03,-20.100502E-03,-40.201005E-03
+13.895000E-03,-26.381909E-03,-26.381909E-03
+13.897500E-03,-26.381909E-03,-26.381909E-03
+13.900000E-03,-26.381909E-03,-6.281407E-03
+13.902500E-03,-40.201005E-03,-26.381909E-03
+13.905000E-03,-32.663316E-03,-12.562814E-03
+13.907500E-03,-46.482412E-03,-26.381909E-03
+13.910000E-03,-26.381909E-03,-20.100502E-03
+13.912500E-03,-26.381909E-03,-12.562814E-03
+13.915000E-03,-40.201005E-03,-12.562814E-03
+13.917500E-03,-26.381909E-03,-20.100502E-03
+13.920000E-03,-33.919598E-03,-20.100502E-03
+13.922500E-03,-52.763819E-03,-26.381909E-03
+13.925000E-03,-40.201005E-03,-40.201005E-03
+13.927500E-03,-20.100502E-03,-20.100502E-03
+13.930000E-03,-40.201005E-03,-20.100502E-03
+13.932500E-03,-40.201005E-03,-20.100502E-03
+13.935000E-03,-46.482412E-03,-32.663316E-03
+13.937500E-03,-40.201005E-03,-26.381909E-03
+13.940000E-03,-40.201005E-03,-40.201005E-03
+13.942500E-03,-20.100502E-03,-26.381909E-03
+13.945000E-03,-20.100502E-03,-20.100502E-03
+13.947500E-03,-40.201005E-03,-40.201005E-03
+13.950000E-03,-40.201005E-03,-6.281407E-03
+13.952500E-03,-46.482412E-03,-32.663316E-03
+13.955000E-03,-26.381909E-03,-26.381909E-03
+13.957500E-03,-40.201005E-03,-20.100502E-03
+13.960000E-03,-26.381909E-03,-20.100502E-03
+13.962500E-03,-40.201005E-03,-20.100502E-03
+13.965000E-03,-40.201005E-03,-20.100502E-03
+13.967500E-03,-20.100502E-03,-32.663316E-03
+13.970000E-03,-26.381909E-03,-26.381909E-03
+13.972500E-03,-40.201005E-03,-12.562814E-03
+13.975000E-03,-40.201005E-03,-12.562814E-03
+13.977500E-03,-40.201005E-03,-20.100502E-03
+13.980000E-03,-20.100502E-03,-20.100502E-03
+13.982500E-03,-32.663316E-03,-20.100502E-03
+13.985000E-03,-32.663316E-03,-32.663316E-03
+13.987500E-03,-40.201005E-03,-32.663316E-03
+13.990000E-03,-40.201005E-03,-40.201005E-03
+13.992500E-03,-12.562814E-03,-20.100502E-03
+13.995000E-03,-12.562814E-03,-20.100502E-03
+13.997500E-03,-32.663316E-03,-32.663316E-03
+14.000000E-03,-20.100502E-03,-40.201005E-03
+14.002500E-03,-40.201005E-03,-6.281407E-03
+14.005000E-03,-20.100502E-03,-32.663316E-03
+14.007500E-03,-46.482412E-03,-32.663316E-03
+14.010000E-03,-52.763819E-03,-20.100502E-03
+14.012500E-03,-32.663316E-03,-20.100502E-03
+14.015000E-03,-46.482412E-03,-20.100502E-03
+14.017500E-03,-40.201005E-03,-40.201005E-03
+14.020000E-03,-20.100502E-03,-20.100502E-03
+14.022500E-03,-26.381909E-03,-40.201005E-03
+14.025000E-03,-52.763819E-03,-20.100502E-03
+14.027500E-03,-12.562814E-03,-20.100502E-03
